probe,detector,omitted_source,mean_without_source,change_from_full
linear,SubPCA,CATSv2,0.011915096962360573,0.0006540653832426187
linear,SubPCA,Daphnet,0.011812334623323283,0.0005513030442053281
linear,SubPCA,Exathlon,0.008767314380556786,-0.0024937171985611687
linear,SubPCA,IOPS,0.011728998408903114,0.0004679668297851592
linear,SubPCA,LTDB,0.01218534728197484,0.0009243157028568857
linear,SubPCA,MGAB,0.011656678638802358,0.00039564705968440396
linear,SubPCA,MITDB,0.011852910351478315,0.0005918787723603602
linear,SubPCA,MSL,0.011981802247372329,0.0007207706682543745
linear,SubPCA,NAB,0.012552643803095436,0.0012916122239774817
linear,SubPCA,NEK,0.009796074015534766,-0.0014649575635831882
linear,SubPCA,OPPORTUNITY,0.007214900057610374,-0.004046131521507581
linear,SubPCA,Power,0.012931295631143296,0.0016702640520253418
linear,SubPCA,SED,0.014242551902732574,0.002981520323614619
linear,SubPCA,SMAP,0.011293540361330357,3.2508782212403026e-05
linear,SubPCA,SMD,0.011403113370308736,0.0001420817911907818
linear,SubPCA,SVDB,0.011499888996674656,0.00023885741755670133
linear,SubPCA,SWaT,0.004969582116648174,-0.0062914494624697805
linear,SubPCA,Stock,0.011753626984739569,0.0004925954056216146
linear,SubPCA,TAO,0.011875958542724907,0.0006149269636069529
linear,SubPCA,TODS,0.012309893971316094,0.0010488623921981396
linear,SubPCA,UCR,0.012008823856378149,0.0007477922772601946
linear,SubPCA,WSD,0.011634157846108968,0.00037312626699101403
linear,SubPCA,YAHOO,0.011617191968595368,0.0003561603894774133
linear,POLY,CATSv2,0.0005842839015669084,-6.730667924680393e-05
linear,POLY,Daphnet,0.0005206227399375856,-0.0001309678408761267
linear,POLY,Exathlon,0.0003575755104337615,-0.0002940150703799508
linear,POLY,IOPS,0.0006485509508991547,-3.0396299145576174e-06
linear,POLY,LTDB,0.0007852234105027129,0.00013363282968900062
linear,POLY,MGAB,0.0006125248755201526,-3.9065705293559686e-05
linear,POLY,MITDB,0.0005364011069470765,-0.00011518947386663584
linear,POLY,MSL,0.0003165355564053928,-0.0003350550244083195
linear,POLY,NAB,0.00035543327270824254,-0.00029615730810546976
linear,POLY,NEK,0.0006884617749413248,3.6871194127612483e-05
linear,POLY,OPPORTUNITY,0.0007628965209784976,0.00011130594016478534
linear,POLY,Power,0.0009846591041348584,0.00033306852332114613
linear,POLY,SED,0.0009029877257527016,0.0002513971449389893
linear,POLY,SMAP,0.00043315751685609356,-0.00021843306395761874
linear,POLY,SMD,0.0005983751481900152,-5.321543262369708e-05
linear,POLY,SVDB,0.0005869319380781142,-6.465864273559813e-05
linear,POLY,SWaT,0.0017311140394697402,0.0010795234586560279
linear,POLY,Stock,0.0006300050749276106,-2.1585505886101745e-05
linear,POLY,TAO,0.0006744868529205901,2.2896272106877834e-05
linear,POLY,TODS,0.00035314781177322405,-0.00029844276904048825
linear,POLY,UCR,0.0006809679386714765,2.9377357857764174e-05
linear,POLY,WSD,0.0005476462440347624,-0.00010394433677894991
linear,POLY,YAHOO,0.0006945943430653865,4.300376225167422e-05
linear,MOMENT_FT,CATSv2,-7.906266579858754e-05,-5.689895001348212e-05
linear,MOMENT_FT,Daphnet,-7.626755218604207e-05,-5.410383640093665e-05
linear,MOMENT_FT,Exathlon,-0.0001623991736159645,-0.00014023545783085905
linear,MOMENT_FT,IOPS,-4.122747667674176e-05,-1.9063760891636343e-05
linear,MOMENT_FT,LTDB,-9.309038568125254e-07,2.1232811928292895e-05
linear,MOMENT_FT,MGAB,0.0001558786110269517,0.00017804232681205713
linear,MOMENT_FT,MITDB,-3.899439953082634e-05,-1.6830683745720917e-05
linear,MOMENT_FT,MSL,-0.000127338104276257,-0.00010517438849115157
linear,MOMENT_FT,NAB,-6.430950458400232e-05,-4.21457887988969e-05
linear,MOMENT_FT,NEK,-0.00011280972946582615,-9.064601368072073e-05
linear,MOMENT_FT,OPPORTUNITY,0.00013753915745656601,0.00015970287324167142
linear,MOMENT_FT,Power,7.383844764985338e-05,9.60021634349588e-05
linear,MOMENT_FT,SED,0.00030996844571504884,0.00033213216150015424
linear,MOMENT_FT,SMAP,-0.00010726635112190197,-8.510263533679655e-05
linear,MOMENT_FT,SMD,-3.5704300591252975e-05,-1.3540584806147555e-05
linear,MOMENT_FT,SVDB,-8.714540018460826e-05,-6.498168439950284e-05
linear,MOMENT_FT,SWaT,-9.022716561578434e-06,1.3140999223526986e-05
linear,MOMENT_FT,Stock,-2.651429904750218e-05,-4.350583262396759e-06
linear,MOMENT_FT,TAO,-0.00016202194876694436,-0.00013985823298183893
linear,MOMENT_FT,TODS,1.9375233547083802e-05,4.153894933218922e-05
linear,MOMENT_FT,UCR,-2.035006023808127e-05,1.8136555470241496e-06
linear,MOMENT_FT,WSD,-3.7257842288298894e-05,-1.5094126503193474e-05
linear,MOMENT_FT,YAHOO,-1.7742929661700778e-05,4.420786123404642e-06
linear,MOMENT_ZS,CATSv2,-9.853671150198377e-05,-2.1005467927668936e-05
linear,MOMENT_ZS,Daphnet,-0.00010089297338290651,-2.3361729808591675e-05
linear,MOMENT_ZS,Exathlon,-0.0001410967075888474,-6.356546401453257e-05
linear,MOMENT_ZS,IOPS,-8.884745971661552e-05,-1.1316216142300684e-05
linear,MOMENT_ZS,LTDB,-2.9530760254228664e-05,4.800048332008617e-05
linear,MOMENT_ZS,MGAB,-8.390657474499942e-05,-6.375331170684577e-06
linear,MOMENT_ZS,MITDB,-7.000513750073713e-05,7.526106073577705e-06
linear,MOMENT_ZS,MSL,-0.00016106724920651416,-8.353600563219932e-05
linear,MOMENT_ZS,NAB,-8.914487348867062e-05,-1.1613629914355783e-05
linear,MOMENT_ZS,NEK,-0.0001207345689032832,-4.320332532896837e-05
linear,MOMENT_ZS,OPPORTUNITY,2.4898760534239472e-05,0.00010243000410855431
linear,MOMENT_ZS,Power,-6.72290362514065e-05,1.0302207322908336e-05
linear,MOMENT_ZS,SED,6.52389594951685e-05,0.00014277020306948334
linear,MOMENT_ZS,SMAP,-0.0001347949442261766,-5.726370065186175e-05
linear,MOMENT_ZS,SMD,-8.908569282504827e-05,-1.1554449250733434e-05
linear,MOMENT_ZS,SVDB,-9.210294545638123e-05,-1.457170188206639e-05
linear,MOMENT_ZS,SWaT,3.358797219407078e-05,0.00011111921576838563
linear,MOMENT_ZS,Stock,-5.25882613214612e-05,2.494298225285364e-05
linear,MOMENT_ZS,TAO,-0.00015767687011258605,-8.014562653827121e-05
linear,MOMENT_ZS,TODS,-8.908187493865031e-05,-1.155063136433547e-05
linear,MOMENT_ZS,UCR,-7.710730684999941e-05,4.239367243154301e-07
linear,MOMENT_ZS,WSD,-8.948756592294713e-05,-1.195632234863229e-05
linear,MOMENT_ZS,YAHOO,-7.402678023927868e-05,3.504463335036163e-06
linear,M2N2,CATSv2,0.011225485382829976,0.00027248448269637064
linear,M2N2,Daphnet,0.011077530033059226,0.00012452913292562012
linear,M2N2,Exathlon,0.009491090118936807,-0.0014619107811967985
linear,M2N2,IOPS,0.011457752395108852,0.000504751494975246
linear,M2N2,LTDB,0.013234786747543593,0.0022817858474099874
linear,M2N2,MGAB,0.011507330491880479,0.000554329591746873
linear,M2N2,MITDB,0.011926304523495026,0.0009733036233614198
linear,M2N2,MSL,0.011889886173275037,0.0009368852731414315
linear,M2N2,NAB,0.012133627749564198,0.0011806268494305924
linear,M2N2,NEK,0.00964108944183307,-0.0013119114583005353
linear,M2N2,OPPORTUNITY,0.008258999523100257,-0.0026940013770333487
linear,M2N2,Power,0.012467844709232899,0.0015148438090992929
linear,M2N2,SED,0.012255923854399414,0.0013029229542658085
linear,M2N2,SMAP,0.01144055013265237,0.000487549232518765
linear,M2N2,SMD,0.011104540011964327,0.0001515391118307209
linear,M2N2,SVDB,0.01163576130953971,0.0006827604094061038
linear,M2N2,SWaT,0.007097132168152881,-0.0038558687319807244
linear,M2N2,Stock,0.00917419824741085,-0.0017788026527227555
linear,M2N2,TAO,0.008515285140110953,-0.0024377157600226525
linear,M2N2,TODS,0.01224218498223038,0.0012891840820967743
linear,M2N2,UCR,0.011591669086006912,0.0006386681858733066
linear,M2N2,WSD,0.01138867911661959,0.00043567821648598376
linear,M2N2,YAHOO,0.011161369364126058,0.00020836846399245254
linear,TranAD,CATSv2,0.002973946878730587,0.0002118892337356947
linear,TranAD,Daphnet,0.0035841762174961237,0.0008221185725012315
linear,TranAD,Exathlon,0.001514733042363852,-0.00124732460263104
linear,TranAD,IOPS,0.0027269103183337794,-3.5147326661112786e-05
linear,TranAD,LTDB,0.0032630171834239015,0.0005009595384290093
linear,TranAD,MGAB,0.00297569606769692,0.00021363842270202783
linear,TranAD,MITDB,0.0031491733691130282,0.00038711572411813605
linear,TranAD,MSL,0.002662859934263117,-9.919771073177517e-05
linear,TranAD,NAB,0.0029351623022914495,0.00017310465729655734
linear,TranAD,NEK,0.0016499334108265199,-0.0011121242341683723
linear,TranAD,OPPORTUNITY,0.0012692780702957826,-0.0014927795746991095
linear,TranAD,Power,0.0021593238011033103,-0.0006027338438915819
linear,TranAD,SED,0.004150649474958115,0.0013885918299632225
linear,TranAD,SMAP,0.0027981971065564534,3.613946156156124e-05
linear,TranAD,SMD,0.002497708382186673,-0.0002643492628082193
linear,TranAD,SVDB,0.0029359095102126503,0.00017385186521775816
linear,TranAD,SWaT,0.0004328500370901918,-0.0023292076079047003
linear,TranAD,Stock,0.0033120027142885464,0.0005499450692936542
linear,TranAD,TAO,0.004665166516716482,0.00190310887172159
linear,TranAD,TODS,0.003256804060863301,0.0004947464158684086
linear,TranAD,UCR,0.0029391499714401526,0.00017709232644526037
linear,TranAD,WSD,0.0029132755567377083,0.00015121791174281616
linear,TranAD,YAHOO,0.002761401907893875,-6.557371010173889e-07
linear,TimesNet,CATSv2,-0.000366864683220664,-2.3541123359881037e-05
linear,TimesNet,Daphnet,-0.0003687632200363958,-2.5439660175612837e-05
linear,TimesNet,Exathlon,-0.00036328025034929165,-1.9956690488508665e-05
linear,TimesNet,IOPS,-0.0003591509725778097,-1.582741271702673e-05
linear,TimesNet,LTDB,-0.0003636386110758153,-2.0315051215032294e-05
linear,TimesNet,MGAB,-0.0003645831932715168,-2.1259633410733838e-05
linear,TimesNet,MITDB,-0.0003563259720534643,-1.3002412192681322e-05
linear,TimesNet,MSL,-0.00036180971240214654,-1.848615254136356e-05
linear,TimesNet,NAB,-0.0003478435158609492,-4.519956000166212e-06
linear,TimesNet,NEK,-0.0003518013143819907,-8.477754521207727e-06
linear,TimesNet,OPPORTUNITY,-0.0002923597515339873,5.0963808326795696e-05
linear,TimesNet,Power,-0.0003519076011102504,-8.584041249467395e-06
linear,TimesNet,SED,-0.00034319128404531403,1.3227581546895262e-07
linear,TimesNet,SMAP,-0.0003658738712560757,-2.2550311395292723e-05
linear,TimesNet,SMD,-0.0003615121532397386,-1.81885933789556e-05
linear,TimesNet,SVDB,-0.0003656053638263912,-2.2281803965608197e-05
linear,TimesNet,SWaT,-3.567879494611856e-05,0.0003076447649146644
linear,TimesNet,Stock,-0.0003649431004430935,-2.1619540582310534e-05
linear,TimesNet,TAO,-0.000362583238260554,-1.9259678399771024e-05
linear,TimesNet,TODS,-0.0003628371848944402,-1.9513625033657238e-05
linear,TimesNet,UCR,-0.00036049756058420844,-1.717400072342545e-05
linear,TimesNet,WSD,-0.000363192026650179,-1.9868466789396016e-05
linear,TimesNet,YAHOO,-0.00036219850077761316,-1.8874940916830177e-05
linear,FITS,CATSv2,-0.0005008199802598002,-8.483107744566089e-05
linear,FITS,Daphnet,-0.0005248118883906957,-0.00010882298557655636
linear,FITS,Exathlon,-0.0005207043529149156,-0.00010471545010077627
linear,FITS,IOPS,-0.00045507655644123733,-3.908765362709802e-05
linear,FITS,LTDB,-0.0004011238199976885,1.4865082816450828e-05
linear,FITS,MGAB,-0.0004480674968102059,-3.207859399606658e-05
linear,FITS,MITDB,-0.00045236556636493074,-3.6376663550791426e-05
linear,FITS,MSL,-0.00048218306448740735,-6.619416167326803e-05
linear,FITS,NAB,-0.0004203909541222179,-4.402051308078584e-06
linear,FITS,NEK,-0.0005181942772879906,-0.00010220537447385125
linear,FITS,OPPORTUNITY,-0.00017170669665493403,0.0002442822061592053
linear,FITS,Power,-0.00045296965512138206,-3.698075230724275e-05
linear,FITS,SED,-0.0005059293561806593,-8.994045336652e-05
linear,FITS,SMAP,-0.0004692218478126576,-5.32329449985183e-05
linear,FITS,SMD,-0.0004583745448420589,-4.238564202791958e-05
linear,FITS,SVDB,-0.0004631441220426984,-4.7155219228559085e-05
linear,FITS,SWaT,0.0002624257358277816,0.0006784146386419209
linear,FITS,Stock,-0.0003981413385657445,1.7847564248394787e-05
linear,FITS,TAO,-0.0003598288840354002,5.616001877873912e-05
linear,FITS,TODS,-0.00047780381249635894,-6.181490968221962e-05
linear,FITS,UCR,-0.00044973826391285184,-3.374936109871253e-05
linear,FITS,WSD,-0.00046450667219166377,-4.8517769377524455e-05
linear,FITS,YAHOO,-0.0004350673496194867,-1.9078446805347396e-05
linear,AnomalyTransformer,CATSv2,0.00043923550376172434,-3.2381380595299146e-05
linear,AnomalyTransformer,Daphnet,0.0004767631656999926,5.146281342969085e-06
linear,AnomalyTransformer,Exathlon,0.00029128720555348547,-0.00018032967880353802
linear,AnomalyTransformer,IOPS,0.0004980650037085281,2.644811935150458e-05
linear,AnomalyTransformer,LTDB,0.0005127418284659959,4.1124944108972446e-05
linear,AnomalyTransformer,MGAB,0.00048789808701829845,1.6281202661274957e-05
linear,AnomalyTransformer,MITDB,0.0006523668766759527,0.0001807499923189292
linear,AnomalyTransformer,MSL,0.00048316740715670766,1.1550522799684169e-05
linear,AnomalyTransformer,NAB,0.0005310910658877771,5.947418153075365e-05
linear,AnomalyTransformer,NEK,0.000532882522789679,6.12656384326555e-05
linear,AnomalyTransformer,OPPORTUNITY,0.000598995864718444,0.00012737898036142056
linear,AnomalyTransformer,Power,0.0004164439383523835,-5.517294600464e-05
linear,AnomalyTransformer,SED,0.0002807970936900994,-0.00019081979066692408
linear,AnomalyTransformer,SMAP,0.00044594770673037044,-2.5669177626653052e-05
linear,AnomalyTransformer,SMD,0.00041960233492506445,-5.201454943195904e-05
linear,AnomalyTransformer,SVDB,0.0005155534806333555,4.3936596276331974e-05
linear,AnomalyTransformer,SWaT,7.908736727025163e-05,-0.00039252951708677186
linear,AnomalyTransformer,Stock,0.0005578623614331658,8.624547707614236e-05
linear,AnomalyTransformer,TAO,0.0005679962542336994,9.63793698766759e-05
linear,AnomalyTransformer,TODS,0.0005654531869377517,9.383630258072819e-05
linear,AnomalyTransformer,UCR,0.0005110079560173535,3.939107166032996e-05
linear,AnomalyTransformer,WSD,0.00047606539826947005,4.448513912446556e-06
linear,AnomalyTransformer,YAHOO,0.0005068767302819858,3.525984592496229e-05
spline,SubPCA,CATSv2,0.016017272057360605,0.000930341384892848
spline,SubPCA,Daphnet,0.015955295427797597,0.0008683647553298403
spline,SubPCA,Exathlon,0.013155967179750374,-0.0019309634927173833
spline,SubPCA,IOPS,0.015584686928620783,0.0004977562561530261
spline,SubPCA,LTDB,0.01418489700716451,-0.0009020336653032465
spline,SubPCA,MGAB,0.016345382331363425,0.001258451658895668
spline,SubPCA,MITDB,0.015347849930379916,0.0002609192579121587
spline,SubPCA,MSL,0.015307322683808916,0.00022039201134115873
spline,SubPCA,NAB,0.016274269118291693,0.0011873384458239364
spline,SubPCA,NEK,0.013742912604812446,-0.0013440180676553108
spline,SubPCA,OPPORTUNITY,0.011975068454415897,-0.0031118622180518595
spline,SubPCA,Power,0.01754792780659797,0.0024609971341302134
spline,SubPCA,SED,0.01592094927753882,0.0008340186050710616
spline,SubPCA,SMAP,0.014680031295319357,-0.0004068993771483998
spline,SubPCA,SMD,0.015408740247507907,0.0003218095750401502
spline,SubPCA,SVDB,0.015247623567737761,0.00016069289527000444
spline,SubPCA,SWaT,0.010403542281888424,-0.004683388390579333
spline,SubPCA,Stock,0.015479528168956425,0.0003925974964886676
spline,SubPCA,TAO,0.015518060800642582,0.000431130128174825
spline,SubPCA,TODS,0.016115799890100077,0.0010288692176323201
spline,SubPCA,UCR,0.016007145015580218,0.0009202143431124611
spline,SubPCA,WSD,0.015280297064735417,0.0001933663922676597
spline,SubPCA,YAHOO,0.015498836326387211,0.0004119056539194539
spline,POLY,CATSv2,0.0062859069127425135,0.00024597537338678314
spline,POLY,Daphnet,0.00669345591438494,0.0006535243750292099
spline,POLY,Exathlon,0.005972964259258278,-6.696728009745242e-05
spline,POLY,IOPS,0.006287582696830749,0.0002476511574750189
spline,POLY,LTDB,0.0051732148252713285,-0.0008667167140844019
spline,POLY,MGAB,0.006377854427799074,0.00033792288844334325
spline,POLY,MITDB,0.005910175447101395,-0.00012975609225433522
spline,POLY,MSL,0.0052865937929170515,-0.0007533377464386789
spline,POLY,NAB,0.00638532848454027,0.00034539694518453956
spline,POLY,NEK,0.005764840438375814,-0.00027509110097991615
spline,POLY,OPPORTUNITY,0.0068770608383748825,0.0008371292990191521
spline,POLY,Power,0.005807165795768145,-0.00023276574358758496
spline,POLY,SED,0.005865300787037287,-0.00017463075231844306
spline,POLY,SMAP,0.005775273246753334,-0.0002646582926023964
spline,POLY,SMD,0.005967853039898176,-7.207849945755403e-05
spline,POLY,SVDB,0.0059593081163069805,-8.062342304874983e-05
spline,POLY,SWaT,0.005524405744338,-0.0005155257950177307
spline,POLY,Stock,0.006360767603399878,0.0003208360640441473
spline,POLY,TAO,0.006326932738531032,0.0002870011991753015
spline,POLY,TODS,0.0058900623607809535,-0.00014986917857477688
spline,POLY,UCR,0.006326252107595581,0.00028632056823985064
spline,POLY,WSD,0.005845334905190683,-0.00019459663416504774
spline,POLY,YAHOO,0.006254790921985445,0.00021485938262971477
spline,MOMENT_FT,CATSv2,0.0009404045724352175,-4.947829303618217e-05
spline,MOMENT_FT,Daphnet,0.0011005998359811448,0.00011071697050974512
spline,MOMENT_FT,Exathlon,0.0008079633029201706,-0.00018191956255122913
spline,MOMENT_FT,IOPS,0.0010101793666765172,2.02965012051175e-05
spline,MOMENT_FT,LTDB,0.0010529462909663534,6.306342549495365e-05
spline,MOMENT_FT,MGAB,0.0010135332477079232,2.3650382236523526e-05
spline,MOMENT_FT,MITDB,0.0009845909953146827,-5.291870156717013e-06
spline,MOMENT_FT,MSL,0.0007998942258593197,-0.00018998863961207997
spline,MOMENT_FT,NAB,0.0009945087306836966,4.625865212296845e-06
spline,MOMENT_FT,NEK,0.0008968806695771359,-9.300219589426382e-05
spline,MOMENT_FT,OPPORTUNITY,0.0010778994746010004,8.801660912960071e-05
spline,MOMENT_FT,Power,0.0012290525273756176,0.00023916966190421786
spline,MOMENT_FT,SED,0.0008978280275087698,-9.205483796262989e-05
spline,MOMENT_FT,SMAP,0.0006626776860414735,-0.0003272051794299262
spline,MOMENT_FT,SMD,0.0010534809276654818,6.359806219408213e-05
spline,MOMENT_FT,SVDB,0.0009593982211387486,-3.0484644332651146e-05
spline,MOMENT_FT,SWaT,0.0011122941768669267,0.000122411311395527
spline,MOMENT_FT,Stock,0.0010601734709710486,7.029060549964888e-05
spline,MOMENT_FT,TAO,0.0009693000331011471,-2.0582832370252585e-05
spline,MOMENT_FT,TODS,0.000998738460876854,8.855595405454211e-06
spline,MOMENT_FT,UCR,0.0010354452297648645,4.556236429346483e-05
spline,MOMENT_FT,WSD,0.0010490823018047778,5.919943633337808e-05
spline,MOMENT_FT,YAHOO,0.0010604341300033153,7.055126453191555e-05
spline,MOMENT_ZS,CATSv2,0.0001225403137063082,1.4438808150513482e-05
spline,MOMENT_ZS,Daphnet,0.00014528256553679,3.718105998099529e-05
spline,MOMENT_ZS,Exathlon,3.9226209182435e-05,-6.887529637335971e-05
spline,MOMENT_ZS,IOPS,0.00012995476164716086,2.1853256091366153e-05
spline,MOMENT_ZS,LTDB,0.0001649648215760116,5.6863316020216886e-05
spline,MOMENT_ZS,MGAB,0.00013342024068220022,2.5318735126405513e-05
spline,MOMENT_ZS,MITDB,0.00013855125379969,3.044974824389529e-05
spline,MOMENT_ZS,MSL,-9.935310360565285e-05,-0.00020745460916144756
spline,MOMENT_ZS,NAB,0.00013364786374111745,2.554635818532274e-05
spline,MOMENT_ZS,NEK,5.563100738361386e-05,-5.247049817218085e-05
spline,MOMENT_ZS,OPPORTUNITY,9.619906776004178e-05,-1.1902437795752933e-05
spline,MOMENT_ZS,Power,0.00016834136593411726,6.0239860378322546e-05
spline,MOMENT_ZS,SED,-6.351059273888272e-05,-0.00017161209829467743
spline,MOMENT_ZS,SMAP,-0.00017701016881820303,-0.0002851116743739977
spline,MOMENT_ZS,SMD,0.0001454366079492793,3.7335102393484595e-05
spline,MOMENT_ZS,SVDB,0.00012995590409577496,2.1854398539980244e-05
spline,MOMENT_ZS,SWaT,0.0004220742990358491,0.00031397279348005443
spline,MOMENT_ZS,Stock,0.0001758182342880707,6.771672873227598e-05
spline,MOMENT_ZS,TAO,0.00014074813786932184,3.2646632313527125e-05
spline,MOMENT_ZS,TODS,5.6753958411160456e-05,-5.1347547144634255e-05
spline,MOMENT_ZS,UCR,0.00013436129581929066,2.6259790263495953e-05
spline,MOMENT_ZS,WSD,0.00014627668111046236,3.817517555466765e-05
spline,MOMENT_ZS,YAHOO,0.00014702390341732313,3.892239786152842e-05
spline,M2N2,CATSv2,0.013044028124302042,0.00032239958041605475
spline,M2N2,Daphnet,0.013619286989699898,0.0008976584458139109
spline,M2N2,Exathlon,0.011546376815826476,-0.0011752517280595107
spline,M2N2,IOPS,0.013098365784944381,0.000376737241058394
spline,M2N2,LTDB,0.014226729963986173,0.0015051014201001855
spline,M2N2,MGAB,0.01324374887939927,0.000522120335513283
spline,M2N2,MITDB,0.01363143042162636,0.0009098018777403735
spline,M2N2,MSL,0.013303593977007146,0.000581965433121159
spline,M2N2,NAB,0.013710068715021147,0.00098844017113516
spline,M2N2,NEK,0.011606436048000917,-0.00111519249588507
spline,M2N2,OPPORTUNITY,0.010935269017047456,-0.0017863595268385307
spline,M2N2,Power,0.013788240339206677,0.0010666117953206898
spline,M2N2,SED,0.014166383369812114,0.0014447548259261273
spline,M2N2,SMAP,0.012802688049247907,8.105950536192036e-05
spline,M2N2,SMD,0.013011174634955174,0.0002895460910691868
spline,M2N2,SVDB,0.013487191363301678,0.0007655628194156907
spline,M2N2,SWaT,0.00880822785118464,-0.003913400692701347
spline,M2N2,Stock,0.01090319757013004,-0.0018184309737559468
spline,M2N2,TAO,0.009671087628339618,-0.0030505409155463688
spline,M2N2,TODS,0.014550308765697849,0.0018286802218118615
spline,M2N2,UCR,0.01335035540363847,0.0006287268597524823
spline,M2N2,WSD,0.013022662395738847,0.00030103385185286
spline,M2N2,YAHOO,0.013070604401263404,0.00034897585737741696
spline,TranAD,CATSv2,0.005171580377625421,0.0003268147324162803
spline,TranAD,Daphnet,0.005365819897725348,0.0005210542525162076
spline,TranAD,Exathlon,0.0035652320783320104,-0.00127953356687713
spline,TranAD,IOPS,0.004751136888499327,-9.362875670981385e-05
spline,TranAD,LTDB,0.0051479856349394915,0.00030321998973035103
spline,TranAD,MGAB,0.00511670012564195,0.00027193448043280957
spline,TranAD,MITDB,0.005432731837960094,0.0005879661927509537
spline,TranAD,MSL,0.004834346398452932,-1.0419246756208575e-05
spline,TranAD,NAB,0.005243740848665777,0.0003989752034566363
spline,TranAD,NEK,0.003928961838365243,-0.0009158038068438979
spline,TranAD,OPPORTUNITY,0.0035609532042428973,-0.0012838124409662432
spline,TranAD,Power,0.005473041056088784,0.0006282754108796439
spline,TranAD,SED,0.005326000390076444,0.0004812347448673038
spline,TranAD,SMAP,0.004587398482985502,-0.0002573671622236387
spline,TranAD,SMD,0.0049234841875066505,7.871854229751004e-05
spline,TranAD,SVDB,0.005194778903440264,0.0003500132582311237
spline,TranAD,SWaT,0.00224763941963738,-0.0025971262255717604
spline,TranAD,Stock,0.005550805986633399,0.0007060403414242584
spline,TranAD,TAO,0.00559671027701241,0.0007519446318032695
spline,TranAD,TODS,0.005673716524065382,0.0008289508788562414
spline,TranAD,UCR,0.005084437085890329,0.00023967144068118892
spline,TranAD,WSD,0.004779694672361604,-6.507097284753644e-05
spline,TranAD,YAHOO,0.004872713723661623,2.794807845248222e-05
spline,TimesNet,CATSv2,0.001423849597144298,9.734432089326971e-05
spline,TimesNet,Daphnet,0.00151527927809278,0.00018877400184175164
spline,TimesNet,Exathlon,0.001278568673448711,-4.7936602802317336e-05
spline,TimesNet,IOPS,0.001388095281028558,6.159000477752976e-05
spline,TimesNet,LTDB,0.00154476308589531,0.00021825780964428165
spline,TimesNet,MGAB,0.001365478483113903,3.897320686287479e-05
spline,TimesNet,MITDB,0.001436669355329146,0.0001101640790781178
spline,TimesNet,MSL,0.0012136854469427798,-0.00011281982930824849
spline,TimesNet,NAB,0.0014227852602388192,9.627998398779088e-05
spline,TimesNet,NEK,0.0014178649810285332,9.135970477750486e-05
spline,TimesNet,OPPORTUNITY,0.00115172695193695,-0.0001747783243140782
spline,TimesNet,Power,0.001409205081035339,8.269980478431069e-05
spline,TimesNet,SED,0.0009332759554845934,-0.00039322932076643494
spline,TimesNet,SMAP,0.0009773790360963178,-0.0003491262401547105
spline,TimesNet,SMD,0.0014734304768094888,0.00014692520055846047
spline,TimesNet,SVDB,0.0013313645477479024,4.8592714968740975e-06
spline,TimesNet,SWaT,0.0009113395212177389,-0.00041516575503328936
spline,TimesNet,Stock,0.0013742109209833224,4.770564473229413e-05
spline,TimesNet,TAO,0.0013187554540794366,-7.749822171591696e-06
spline,TimesNet,TODS,0.0015469830427066377,0.00022047776645560944
spline,TimesNet,UCR,0.0014084923796202186,8.198710336919032e-05
spline,TimesNet,WSD,0.0013033183083903139,-2.3186967860714443e-05
spline,TimesNet,YAHOO,0.0013631002354025591,3.6594959151530805e-05
spline,FITS,CATSv2,0.0010123285364656749,-7.895205347676596e-05
spline,FITS,Daphnet,0.0013278872859619022,0.00023660669601946135
spline,FITS,Exathlon,0.0008945743484791189,-0.00019670624146332194
spline,FITS,IOPS,0.0010571367741402697,-3.414381580217119e-05
spline,FITS,LTDB,0.0013123666507632253,0.0002210860608207845
spline,FITS,MGAB,0.001147668405709074,5.6387815766633254e-05
spline,FITS,MITDB,0.001094917935175447,3.637345233006156e-06
spline,FITS,MSL,0.0010150849429295848,-7.619564701285609e-05
spline,FITS,NAB,0.0012491594527843093,0.00015787886284186845
spline,FITS,NEK,0.0009374789591249328,-0.000153801630817508
spline,FITS,OPPORTUNITY,0.0010057640579641902,-8.551653197825062e-05
spline,FITS,Power,0.0012260887155830613,0.00013480812564062045
spline,FITS,SED,0.0012500824093998886,0.00015880181945744773
spline,FITS,SMAP,0.0008532863876527806,-0.00023799420228966023
spline,FITS,SMD,0.0010561252174751926,-3.515537246724827e-05
spline,FITS,SVDB,0.0011343483583045168,4.3067768362075936e-05
spline,FITS,SWaT,0.0008836496871330158,-0.00020763090280942508
spline,FITS,Stock,0.0011556044333337363,6.432384339129541e-05
spline,FITS,TAO,0.0011059774462511523,1.4696856308711462e-05
spline,FITS,TODS,0.0010431330800803691,-4.814750986207174e-05
spline,FITS,UCR,0.0011268327174748917,3.5552127532450855e-05
spline,FITS,WSD,0.0010524848893524248,-3.879570059001601e-05
spline,FITS,YAHOO,0.0011574728771373893,6.619228719494845e-05
spline,AnomalyTransformer,CATSv2,0.00015039928837337627,1.94235323227709e-06
spline,AnomalyTransformer,Daphnet,0.00018499572724248536,3.6538792101386186e-05
spline,AnomalyTransformer,Exathlon,-0.0001218071365602213,-0.0002702640717013205
spline,AnomalyTransformer,IOPS,5.723690539307465e-05,-9.122002974802453e-05
spline,AnomalyTransformer,LTDB,-0.0001715657400772362,-0.00032002267521833534
spline,AnomalyTransformer,MGAB,0.00022085249071468704,7.239555557358787e-05
spline,AnomalyTransformer,MITDB,0.0003222351033286256,0.0001737781681875264
spline,AnomalyTransformer,MSL,0.00012585692275970224,-2.260001238139694e-05
spline,AnomalyTransformer,NAB,0.00028887418881819404,0.00014041725367709487
spline,AnomalyTransformer,NEK,0.00031410119286539445,0.00016564425772429528
spline,AnomalyTransformer,OPPORTUNITY,0.0001442439756902179,-4.2129594508812855e-06
spline,AnomalyTransformer,Power,2.806526876844898e-05,-0.0001203916663726502
spline,AnomalyTransformer,SED,-5.425563037507604e-05,-0.00020271256551617522
spline,AnomalyTransformer,SMAP,-2.0684409357281166e-05,-0.00016914134449838033
spline,AnomalyTransformer,SMD,-0.00011512145928694079,-0.00026357839442803997
spline,AnomalyTransformer,SVDB,0.0002520990618703139,0.00010364212672921475
spline,AnomalyTransformer,SWaT,0.0003230167886109445,0.0001745598534698453
spline,AnomalyTransformer,Stock,0.0002326825389827751,8.422560384167594e-05
spline,AnomalyTransformer,TAO,0.000473516470921949,0.00032505953578084985
spline,AnomalyTransformer,TODS,0.00025517580375161746,0.00010671886861051829
spline,AnomalyTransformer,UCR,4.1058337014681955e-05,-0.00010739859812641721
spline,AnomalyTransformer,WSD,0.00019621250957051897,4.7755574429419795e-05
spline,AnomalyTransformer,YAHOO,0.0002873213092250255,0.00013886437408392634
hgb,SubPCA,CATSv2,0.016134580436568725,0.0012719139616978042
hgb,SubPCA,Daphnet,0.015584932313576211,0.0007222658387052907
hgb,SubPCA,Exathlon,0.013046545584568147,-0.0018161208903027734
hgb,SubPCA,IOPS,0.01519689882594683,0.00033423235107590994
hgb,SubPCA,LTDB,0.014390433791393263,-0.00047223268347765766
hgb,SubPCA,MGAB,0.015924897740166317,0.001062231265295397
hgb,SubPCA,MITDB,0.015207123837284377,0.0003444573624134563
hgb,SubPCA,MSL,0.014411108120315928,-0.0004515583545549925
hgb,SubPCA,NAB,0.01571886931582472,0.0008562028409538
hgb,SubPCA,NEK,0.013888661998302331,-0.000974004476568589
hgb,SubPCA,OPPORTUNITY,0.01254636999382116,-0.0023162964810497597
hgb,SubPCA,Power,0.017145742278110918,0.002283075803239998
hgb,SubPCA,SED,0.015592531654033211,0.0007298651791622906
hgb,SubPCA,SMAP,0.014287706535276036,-0.0005749599395948844
hgb,SubPCA,SMD,0.014565446488532472,-0.000297219986338448
hgb,SubPCA,SVDB,0.015023890245113148,0.0001612237702422279
hgb,SubPCA,SWaT,0.009768219543147926,-0.005094446931722995
hgb,SubPCA,Stock,0.015289626607672328,0.00042696013280140756
hgb,SubPCA,TAO,0.01606545196312463,0.0012027854882537097
hgb,SubPCA,TODS,0.01591059695847086,0.0010479304835999403
hgb,SubPCA,UCR,0.015750122228687352,0.0008874557538164317
hgb,SubPCA,WSD,0.015067299739199874,0.00020463326432895376
hgb,SubPCA,YAHOO,0.015324272722894293,0.0004616062480233725
hgb,POLY,CATSv2,0.0031268372966009035,-1.2003890997581285e-05
hgb,POLY,Daphnet,0.0033398681155532533,0.00020102692795476856
hgb,POLY,Exathlon,0.0031127460524002846,-2.6095135198200142e-05
hgb,POLY,IOPS,0.003158435166476839,1.9593978878354283e-05
hgb,POLY,LTDB,0.0026493942382262606,-0.0004894469493722242
hgb,POLY,MGAB,0.0031686322341178425,2.9791046519357742e-05
hgb,POLY,MITDB,0.0030368150701369297,-0.00010202611746155509
hgb,POLY,MSL,0.002338286254377727,-0.0008005549332207578
hgb,POLY,NAB,0.003268110629901118,0.00012926944230263332
hgb,POLY,NEK,0.003600693959636011,0.00046185277203752637
hgb,POLY,OPPORTUNITY,0.004527563574224668,0.0013887223866261831
hgb,POLY,Power,0.0030219453969214036,-0.0001168957906770812
hgb,POLY,SED,0.0030616862648721625,-7.715492272632228e-05
hgb,POLY,SMAP,0.0026808835685978665,-0.0004579576190006183
hgb,POLY,SMD,0.0026528577847135877,-0.00048598340288489705
hgb,POLY,SVDB,0.0030497189936859663,-8.91221939125185e-05
hgb,POLY,SWaT,0.0020425948776557038,-0.001096246309942781
hgb,POLY,Stock,0.0038364469021077608,0.000697605714509276
hgb,POLY,TAO,0.003976761633226922,0.0008379204456284372
hgb,POLY,TODS,0.0032450242081160526,0.00010618302051756782
hgb,POLY,UCR,0.003305882590174175,0.00016704140257569038
hgb,POLY,WSD,0.0026007959703346867,-0.0005380452172637981
hgb,POLY,YAHOO,0.0033913665327070523,0.00025252534510856756
hgb,MOMENT_FT,CATSv2,0.0010447261993703607,-2.0917477044088764e-07
hgb,MOMENT_FT,Daphnet,0.001050669275010156,5.733900869354545e-06
hgb,MOMENT_FT,Exathlon,0.001180915986638974,0.00013598061249817236
hgb,MOMENT_FT,IOPS,0.00114007012949328,9.513475535247846e-05
hgb,MOMENT_FT,LTDB,0.0010097445952662446,-3.519077887455691e-05
hgb,MOMENT_FT,MGAB,0.0009900511349534163,-5.488423918738523e-05
hgb,MOMENT_FT,MITDB,0.00106712558239611,2.2190208255308454e-05
hgb,MOMENT_FT,MSL,0.0009608406673088204,-8.409470683198113e-05
hgb,MOMENT_FT,NAB,0.0010321373142225037,-1.2798059918297817e-05
hgb,MOMENT_FT,NEK,0.0011587192320388277,0.00011378385789802617
hgb,MOMENT_FT,OPPORTUNITY,0.00106190470139474,1.69693272539385e-05
hgb,MOMENT_FT,Power,0.001133838669626438,8.890329548563638e-05
hgb,MOMENT_FT,SED,0.0009915279650989175,-5.340740904188402e-05
hgb,MOMENT_FT,SMAP,0.0010653947967756456,2.045942263484402e-05
hgb,MOMENT_FT,SMD,0.0009817522870205564,-6.318308712024512e-05
hgb,MOMENT_FT,SVDB,0.001016118966703562,-2.881640743723963e-05
hgb,MOMENT_FT,SWaT,9.601130574626529e-05,-0.0009489240683945362
hgb,MOMENT_FT,Stock,0.001106378999372929,6.144362523212736e-05
hgb,MOMENT_FT,TAO,0.0017077414643500563,0.0006628060902092547
hgb,MOMENT_FT,TODS,0.0010308526299923518,-1.4082744148449788e-05
hgb,MOMENT_FT,UCR,0.0010630166962662911,1.8081322125489564e-05
hgb,MOMENT_FT,WSD,0.001063933731985435,1.899835784463337e-05
hgb,MOMENT_FT,YAHOO,0.0010800412742065538,3.51059000657523e-05
hgb,MOMENT_ZS,CATSv2,0.0003527183536689733,4.880213367545105e-05
hgb,MOMENT_ZS,Daphnet,0.00027392072037620967,-2.9995499617312582e-05
hgb,MOMENT_ZS,Exathlon,0.00036162797657687834,5.771175658335608e-05
hgb,MOMENT_ZS,IOPS,0.0003513576501307011,4.744143013717887e-05
hgb,MOMENT_ZS,LTDB,0.0003516252793313818,4.770905933785955e-05
hgb,MOMENT_ZS,MGAB,0.0002864097488378369,-1.7506471155685354e-05
hgb,MOMENT_ZS,MITDB,0.0003712882426841596,6.737202269063735e-05
hgb,MOMENT_ZS,MSL,0.00015155853531532266,-0.0001523576846781996
hgb,MOMENT_ZS,NAB,0.00036131059554359875,5.7394375550076497e-05
hgb,MOMENT_ZS,NEK,0.0002719178469032449,-3.1998373090277356e-05
hgb,MOMENT_ZS,OPPORTUNITY,0.0002469427335640046,-5.6973486429517635e-05
hgb,MOMENT_ZS,Power,0.00029323155961159147,-1.0684660381930788e-05
hgb,MOMENT_ZS,SED,0.0005031458520841301,0.00019922963209060787
hgb,MOMENT_ZS,SMAP,0.0002495928965561257,-5.432332343739655e-05
hgb,MOMENT_ZS,SMD,0.0003296990963322664,2.5782876338744157e-05
hgb,MOMENT_ZS,SVDB,0.0003331028031634693,2.9186583169947067e-05
hgb,MOMENT_ZS,SWaT,-0.00024440085090973577,-0.0005483170709032581
hgb,MOMENT_ZS,Stock,8.996167603090682e-05,-0.00021395454396261543
hgb,MOMENT_ZS,TAO,0.0007870806774769142,0.00048316445748339195
hgb,MOMENT_ZS,TODS,0.0003290457527038387,2.5129532710316434e-05
hgb,MOMENT_ZS,UCR,0.0003148293123658682,1.091309237234592e-05
hgb,MOMENT_ZS,WSD,0.00033059191590222774,2.6675695908705483e-05
hgb,MOMENT_ZS,YAHOO,0.000293514685601098,-1.0401534392424244e-05
hgb,M2N2,CATSv2,0.008815843927364168,0.00047837244088458006
hgb,M2N2,Daphnet,0.008802927175115079,0.0004654556886354907
hgb,M2N2,Exathlon,0.007715891138035265,-0.0006215803484443229
hgb,M2N2,IOPS,0.00846019066386796,0.00012271917738837165
hgb,M2N2,LTDB,0.009282118010749425,0.0009446465242698363
hgb,M2N2,MGAB,0.008649485572913835,0.00031201408643424626
hgb,M2N2,MITDB,0.009025816196954693,0.0006883447104751046
hgb,M2N2,MSL,0.007905358897647175,-0.0004321125888324135
hgb,M2N2,NAB,0.009006577042750265,0.0006691055562706768
hgb,M2N2,NEK,0.007922525412854252,-0.0004149460736253361
hgb,M2N2,OPPORTUNITY,0.007377448745495742,-0.0009600227409838459
hgb,M2N2,Power,0.00910698067177677,0.0007695091852971819
hgb,M2N2,SED,0.00897671075405574,0.000639239267576152
hgb,M2N2,SMAP,0.008012180725278123,-0.00032529076120146536
hgb,M2N2,SMD,0.008387528765132423,5.005727865283437e-05
hgb,M2N2,SVDB,0.00909960750223608,0.0007621360157564917
hgb,M2N2,SWaT,0.006625391561532596,-0.0017120799249469923
hgb,M2N2,Stock,0.007007676622456815,-0.001329794864022773
hgb,M2N2,TAO,0.006351607322793642,-0.0019858641636859463
hgb,M2N2,TODS,0.009553440881781925,0.0012159693953023368
hgb,M2N2,UCR,0.00878292956809864,0.00044545808161905107
hgb,M2N2,WSD,0.008421735826945451,8.426434046586266e-05
hgb,M2N2,YAHOO,0.00847187120319446,0.0001343997167148718
hgb,TranAD,CATSv2,0.004693105889413658,0.0004066873917659194
hgb,TranAD,Daphnet,0.0048238018495031535,0.0005373833518554152
hgb,TranAD,Exathlon,0.0033789246579617725,-0.0009074938396859658
hgb,TranAD,IOPS,0.004159339310110481,-0.00012707918753725699
hgb,TranAD,LTDB,0.005142668709910579,0.0008562502122628404
hgb,TranAD,MGAB,0.004493504529497979,0.00020708603185024075
hgb,TranAD,MITDB,0.004613441963517112,0.00032702346586937353
hgb,TranAD,MSL,0.003551213542578931,-0.0007352049550688072
hgb,TranAD,NAB,0.004560164035005882,0.0002737455373581438
hgb,TranAD,NEK,0.0034002106189474886,-0.0008862078787002497
hgb,TranAD,OPPORTUNITY,0.003656090717682285,-0.0006303277799654533
hgb,TranAD,Power,0.004549404512638609,0.0002629860149908703
hgb,TranAD,SED,0.004889025803449088,0.0006026073058013493
hgb,TranAD,SMAP,0.0038625327079612848,-0.00042388578968645353
hgb,TranAD,SMD,0.004304894955521368,1.8476457873629545e-05
hgb,TranAD,SVDB,0.004612448396146291,0.0003260298984985527
hgb,TranAD,SWaT,0.00226950210788719,-0.002016916389760548
hgb,TranAD,Stock,0.004530934195051811,0.0002445156974040727
hgb,TranAD,TAO,0.005208863919965715,0.0009224454223179766
hgb,TranAD,TODS,0.004792149130473809,0.0005057306328260704
hgb,TranAD,UCR,0.004435779356767604,0.00014936085911986582
hgb,TranAD,WSD,0.004335326150311019,4.8907652663281e-05
hgb,TranAD,YAHOO,0.004324298385594872,3.787988794713357e-05
hgb,TimesNet,CATSv2,0.0012070099172630645,0.0001265160372103376
hgb,TimesNet,Daphnet,0.0011252051458285157,4.471126577578876e-05
hgb,TimesNet,Exathlon,0.0012054608403783576,0.00012496696032563066
hgb,TimesNet,IOPS,0.0010964680542717195,1.597417421899251e-05
hgb,TimesNet,LTDB,0.001225390957846959,0.00014489707779423194
hgb,TimesNet,MGAB,0.001129759985426165,4.9266105373438123e-05
hgb,TimesNet,MITDB,0.0011473701986499853,6.687631859725839e-05
hgb,TimesNet,MSL,0.00038061724342718475,-0.0006998766366255422
hgb,TimesNet,NAB,0.0010514134261797616,-2.9080453872965374e-05
hgb,TimesNet,NEK,0.0013516611904454037,0.00027116731039267673
hgb,TimesNet,OPPORTUNITY,0.0006411562117531338,-0.0004393376682995931
hgb,TimesNet,Power,0.0012423773989563328,0.00016188351890360588
hgb,TimesNet,SED,0.0009808593384463078,-9.963454160641914e-05
hgb,TimesNet,SMAP,0.0007302815619369959,-0.00035021231811573105
hgb,TimesNet,SMD,0.0011613545839483604,8.08607038956335e-05
hgb,TimesNet,SVDB,0.0011404533190606926,5.995943900796567e-05
hgb,TimesNet,SWaT,0.0008619324770476736,-0.0002185614030050533
hgb,TimesNet,Stock,0.0010246557026143703,-5.5838177438356654e-05
hgb,TimesNet,TAO,0.0018232532035772529,0.0007427593235245259
hgb,TimesNet,TODS,0.0011684397504541585,8.794587040143157e-05
hgb,TimesNet,UCR,0.0011105457050294546,3.005182497672768e-05
hgb,TimesNet,WSD,0.001002037672243957,-7.845620780876994e-05
hgb,TimesNet,YAHOO,0.0010436553564269126,-3.683852362581434e-05
hgb,FITS,CATSv2,0.0013863966050643398,-3.472835848380702e-05
hgb,FITS,Daphnet,0.0015001130738587218,7.898811031057502e-05
hgb,FITS,Exathlon,0.001499870573884334,7.874561033618726e-05
hgb,FITS,IOPS,0.0014248446734175862,3.71970986943939e-06
hgb,FITS,LTDB,0.001565412949482566,0.00014428798593441928
hgb,FITS,MGAB,0.001489666507489624,6.854154394147723e-05
hgb,FITS,MITDB,0.0014774836579977302,5.63586944495834e-05
hgb,FITS,MSL,0.0010532045439362455,-0.0003679204196119013
hgb,FITS,NAB,0.0014904440945772317,6.931913102908491e-05
hgb,FITS,NEK,0.0014333368300699554,1.2211866521808553e-05
hgb,FITS,OPPORTUNITY,0.001154398825837231,-0.0002667261377109159
hgb,FITS,Power,0.0014966659080482261,7.55409445000793e-05
hgb,FITS,SED,0.0016424099257954287,0.00022128496224728183
hgb,FITS,SMAP,0.0011274782978156481,-0.0002936466657324987
hgb,FITS,SMD,0.001291711140009774,-0.0001294138235383728
hgb,FITS,SVDB,0.0014825844394095484,6.145947586140153e-05
hgb,FITS,SWaT,0.0012626178929897945,-0.00015850707055835235
hgb,FITS,Stock,0.0013846797970741814,-3.644516647396544e-05
hgb,FITS,TAO,0.0018786051099967103,0.00045748014644856347
hgb,FITS,TODS,0.0015052021592895086,8.407719574136181e-05
hgb,FITS,UCR,0.001376891552273392,-4.423341127475478e-05
hgb,FITS,WSD,0.0012733853609968142,-0.00014773960255133264
hgb,FITS,YAHOO,0.0014884702422927854,6.73452787446386e-05
hgb,AnomalyTransformer,CATSv2,0.0015695537260479687,0.00014310264691448984
hgb,AnomalyTransformer,Daphnet,0.0018835067555607779,0.000457055676427299
hgb,AnomalyTransformer,Exathlon,0.0018343394488198024,0.00040788836968632357
hgb,AnomalyTransformer,IOPS,0.0015476805193233405,0.0001212294401898616
hgb,AnomalyTransformer,LTDB,0.0017271421715144416,0.00030069109238096275
hgb,AnomalyTransformer,MGAB,0.0015660021172937413,0.0001395510381602624
hgb,AnomalyTransformer,MITDB,0.0014775483881180615,5.109730898458266e-05
hgb,AnomalyTransformer,MSL,0.0007665161980365467,-0.0006599348810969322
hgb,AnomalyTransformer,NAB,0.0017161950096419834,0.0002897439305085045
hgb,AnomalyTransformer,NEK,0.0012323331852996675,-0.00019411789383381138
hgb,AnomalyTransformer,OPPORTUNITY,0.0022390182085393804,0.0008125671294059015
hgb,AnomalyTransformer,Power,0.0015315538608568686,0.00010510278172338973
hgb,AnomalyTransformer,SED,0.0013380917945004461,-8.835928463303273e-05
hgb,AnomalyTransformer,SMAP,0.001040267298783648,-0.00038618378034983077
hgb,AnomalyTransformer,SMD,0.0013789004866404683,-4.7550592493010536e-05
hgb,AnomalyTransformer,SVDB,0.0014649461789455205,3.84950998120416e-05
hgb,AnomalyTransformer,SWaT,-7.251567667308463e-06,-0.0014337026468007874
hgb,AnomalyTransformer,Stock,0.001118746302165183,-0.0003077047769682959
hgb,AnomalyTransformer,TAO,0.001730875894764037,0.00030442481563055807
hgb,AnomalyTransformer,TODS,0.0015865299251602543,0.00016007884602677546
hgb,AnomalyTransformer,UCR,0.001400514659728154,-2.5936419405324764e-05
hgb,AnomalyTransformer,WSD,0.0012525789660760933,-0.00017387211305738555
hgb,AnomalyTransformer,YAHOO,0.0014127852919209355,-1.366578721254336e-05
