Detector,Raw_VUS,Source_macro_Raw_VUS,L_null,L_basis,L_detector,L_basis_detector,basis_utility,detector_utility,CDU,CDU_CI_low,CDU_CI_high,positive_sources,bootstrap_prob_source_macro_positive,n_series,n_sources,status,Raw_source,Fast_source,Raw_rank,Source_raw_rank,Utility_rank,CDU_rank,Raw_to_CDU_uplift,Source_raw_to_CDU_uplift
SubPCA,0.42241263714887795,0.4404066066182971,0.33695587535254123,0.33744737064694513,0.3193417602739579,0.32622497007376394,-0.000491495294403832,0.017614115078583382,0.011222400573181081,-0.003978205529238367,0.02921403490309521,12,0.9139,350,23,COMPLETE_CI_INCLUDES_ZERO,layer2_results/audit_raw_vus_per_series.csv,protocol_fast_results/main/SubPCA,1,1,1,1,0,0
POLY,0.3892705890960274,0.4081938778499228,0.33695587535254123,0.33744737064694513,0.33297997713841765,0.3368191343108721,-0.000491495294403832,0.0039758982141236375,0.0006282363360729604,-0.002256188754975257,0.0029397139062999657,15,0.6947,350,23,COMPLETE_CI_INCLUDES_ZERO,layer2_results/audit_raw_vus_per_series.csv,protocol_fast_results/main/POLY,2,2,4,4,-2,-2
MOMENT_FT,0.3864086328796784,0.40638420103368156,0.33695587535254123,0.33744737064694513,0.336517068545973,0.3375175731994532,-0.000491495294403832,0.00043880680656814433,-7.020255250810427e-05,-0.0011739957400364407,0.0008507628063273432,14,0.4583,350,23,COMPLETE_CI_INCLUDES_ZERO,layer2_results/MOMENT_FT_audited_per_series_vus.csv,protocol_fast_results/main/MOMENT_FT,3,3,5,6,-3,-3
MOMENT_ZS,0.3832290127657773,0.4029452407464768,0.33695587535254123,0.33744737064694513,0.3368121201774239,0.3375226712625496,-0.000491495294403832,0.00014375517511737678,-7.530061560457857e-05,-0.0006376165583339533,0.00042382017681308267,14,0.3978,350,23,COMPLETE_CI_INCLUDES_ZERO,layer2_results/MOMENT_ZS_audited_per_series_vus.csv,protocol_fast_results/main/MOMENT_ZS,4,4,7,7,-3,-3
M2N2,0.28704715218956245,0.34396016013402453,0.33695587535254123,0.33744737064694513,0.3202246997871955,0.32642759629654894,-0.000491495294403832,0.01673117556534579,0.0110197743503961,-0.0014276150254732341,0.024688599309163606,12,0.9521,350,23,COMPLETE_CI_INCLUDES_ZERO,layer2_results/stage2_raw_vus_per_series/M2N2.csv,protocol_fast_results/main/M2N2,5,5,2,2,3,3
TranAD,0.27540338601759046,0.31483830152568176,0.33695587535254123,0.33744737064694513,0.332297952413366,0.33469886269561333,-0.000491495294403832,0.004657922939175248,0.0027485079513317927,-0.004820598839578786,0.010657912560417083,10,0.7486,350,23,COMPLETE_CI_INCLUDES_ZERO,layer2_results/stage2_raw_vus_per_series/TranAD.csv,protocol_fast_results/main/TranAD,6,6,3,3,3,3
TimesNet,0.2627459748908764,0.29767515694542257,0.33695587535254123,0.33744737064694513,0.3377185625074485,0.33781280215424825,-0.000491495294403832,-0.0007626871549072948,-0.0003654315073031684,-0.0010981156427897207,5.079522652677003e-05,16,0.1227,350,23,COMPLETE_CI_INCLUDES_ZERO,layer2_results/stage2_raw_vus_per_series/TimesNet.csv,protocol_fast_results/main/TimesNet,7,7,9,8,-1,-1
FITS,0.2463691754893443,0.2920350408244971,0.33695587535254123,0.33744737064694513,0.3370048206217731,0.3378135133390746,-0.000491495294403832,-4.894526923187629e-05,-0.00036614269212954136,-0.0023696806376800987,0.0010675258731578127,16,0.3759,350,23,COMPLETE_CI_INCLUDES_ZERO,layer2_results/stage2_raw_vus_per_series/FITS.csv,protocol_fast_results/main/FITS,8,8,8,9,-1,-1
AnomalyTransformer,0.11176887822714858,0.16949091077812106,0.33695587535254123,0.33744737064694513,0.3366256353736277,0.3369788081444568,-0.000491495294403832,0.00033023997891356313,0.00046856250248832445,-0.0005554558656182848,0.0017054223807123094,11,0.7873,350,23,COMPLETE_CI_INCLUDES_ZERO,layer2_results/audit_raw_vus_per_series.csv,protocol_fast_results/main/AnomalyTransformer,9,9,6,5,4,4
