source_dataset,L_null,L_basis,L_detector,L_basis_detector,basis_utility,detector_utility,CDU,Raw_VUS,detector
CATSv2,0.2858020924202719,0.297887201276486,0.2740124715238715,0.3004731094809714,-0.0120851088562141,0.0117896208964003,-0.0025859082044854,0.2646542155110704,SubPCA
Daphnet,0.3254223915528967,0.2368700903937531,0.2826652579933947,0.2376746395228587,0.0885523011591436,0.0427571335595019,-0.0008045491291056,0.4218448144556889,SubPCA
Exathlon,0.5235995378389589,0.43366213844939877,0.3989345601793751,0.3685748691546681,0.08993739938956005,0.1246649776595837,0.06508726929473065,0.9266493451457086,SubPCA
IOPS,0.15479102249458004,0.14680233978912313,0.1430669058719303,0.14553708044770897,0.007988682705456907,0.011724116622649699,0.0012652593414140866,0.22813765875127293,SubPCA
LTDB,0.8720556920927158,0.8277857431274924,0.8555504349839882,0.8362567622186582,0.04426994896522349,0.01650525710872766,-0.008471019091165738,0.5558455224986625,SubPCA
MGAB,0.10379637692907713,0.09814965849320105,0.10624476973235983,0.09524140577065163,0.005646718435876013,-0.002448392803282675,0.0029082527225493503,0.005165410680142575,SubPCA
MITDB,0.2799692305476572,0.28074051205083167,0.2775474718321281,0.28257995102609257,-0.0007712815031744574,0.0024217587155290787,-0.0018394389752609279,0.3101156605114338,SubPCA
MSL,0.35306260934966177,0.32341904528105864,0.32813192293690097,0.32766444375808873,0.02964356406860314,0.024930686412760784,-0.004245398477030142,0.5082326486552547,SubPCA
NAB,0.5109301265016868,0.49567876044141895,0.4951059171800822,0.5125002939371567,0.015251366060267817,0.015824209321604565,-0.016821533495737794,0.4357590787159587,SubPCA
NEK,0.4180551094165658,0.34893343626830126,0.3182241023863128,0.30607046176926067,0.06912167314826453,0.09983100703025294,0.042862974499040515,0.9048963693271731,SubPCA
OPPORTUNITY,0.34958301859767227,0.47357238256387457,0.272165073860899,0.3743161692000723,-0.12398936396620222,0.07741794473677327,0.09925621336380218,0.913929696566977,SubPCA
Power,0.4286798769583611,0.5020106680322937,0.4778203661779396,0.5277988406949302,-0.0733307910739325,-0.0491404892195785,-0.0257881726626365,0.0760642888324738,SubPCA
SED,0.25885176897902645,0.33325228185899936,0.3644108722189019,0.38676592830684486,-0.0744005128799729,-0.10555910323987545,-0.05351364644784555,0.0313843012605222,SubPCA
SMAP,0.21089900810982376,0.18744917856369883,0.18323075018259802,0.17715012421856646,0.02344982954612493,0.027668257927225718,0.010299054345132334,0.5178727067470327,SubPCA
SMD,0.18012864641461732,0.15902704174505083,0.16061167527363746,0.15059666732768143,0.021101604669566423,0.019516971140979788,0.008430374417369357,0.4485670466557737,SubPCA
SVDB,0.24134051440331417,0.21203335442809823,0.21350267267302228,0.20617720555371058,0.02930715997521592,0.027837841730291833,0.005856148874387606,0.5221922909673264,SubPCA
SWaT,0.5695013226659786,0.8095299149614791,0.479753968853546,0.6636497154916545,-0.2400285922955004,0.0897473538124326,0.1458801994698245,0.3929666699458893,SubPCA
Stock,0.417131156077293,0.3639863006648232,0.4211864600011588,0.36259910407534424,0.053144855412469785,-0.004055303923865762,0.001387196589478949,0.8411803724594095,SubPCA
TAO,0.5535625392673225,0.5136042109103988,0.5668218558292145,0.5151188600083074,0.0399583283569237,-0.01325931656189205,-0.0015146490979087498,0.9299374524641595,SubPCA
TODS,0.34089188089259115,0.3494683816078803,0.36072006127927053,0.3602982290806916,-0.008576500715289138,-0.019828180386679415,-0.010829847472811346,0.5394235785921555,SubPCA
UCR,0.11965481163837996,0.12118827879405407,0.12247662722494217,0.12628698404829752,-0.0015334671556741313,-0.0028218155865622325,-0.005098705254243447,0.12372540712145995,SubPCA
WSD,0.11652476930139795,0.11569967076211748,0.11517837374598598,0.11232943621895272,0.00082509853928046,0.00134639555541192,0.00337023454316471,0.09425132140037376,SubPCA
YAHOO,0.1357516306585992,0.13053893441590425,0.12749791435957097,0.12751403038540235,0.005212696242694886,0.008253716299028201,0.0030249040305018867,0.1365560949549144,SubPCA
CATSv2,0.2858020924202719,0.297887201276486,0.2728558962533673,0.2958612548084167,-0.0120851088562141,0.0129461961669045,0.0020259464680693,0.2314670997936085,POLY
Daphnet,0.3254223915528967,0.2368700903937531,0.2828901138133141,0.2333912128024166,0.0885523011591436,0.0425322777395825,0.0034788775913364,0.5079959670962401,POLY
Exathlon,0.5235995378389589,0.43366213844939877,0.4601408042135249,0.42650826235047495,0.08993739938956005,0.06345873362543394,0.00715387609892378,0.7424364036063696,POLY
IOPS,0.15479102249458004,0.14680233978912313,0.1472895682080915,0.14600828675156574,0.007988682705456907,0.007501454286488466,0.000794053037557329,0.3102252422503273,POLY
LTDB,0.8720556920927158,0.8277857431274924,0.8604113965735943,0.829943520877494,0.04426994896522349,0.0116442955191216,-0.0021577777500016004,0.5115459717549786,POLY
MGAB,0.10379637692907713,0.09814965849320105,0.10450550787869299,0.09661444982007451,0.005646718435876013,-0.0007091309496158625,0.0015352086731264625,0.007184582563943963,POLY
MITDB,0.2799692305476572,0.28074051205083167,0.2753778683229234,0.27757835131337,-0.0007712815031744574,0.004591362224733829,0.0031621607374616,0.31708143298850416,POLY
MSL,0.35306260934966177,0.32341904528105864,0.31357471466498094,0.3153887861825431,0.02964356406860314,0.03948789468468076,0.008030259098515385,0.5416861939646925,POLY
NAB,0.5109301265016868,0.49567876044141895,0.4771306704507431,0.48861012851964075,0.015251366060267817,0.03379945605094371,0.007068631921778139,0.48381052503017624,POLY
NEK,0.4180551094165658,0.34893343626830126,0.37580239478202193,0.34895604199433444,0.06912167314826453,0.04225271463454387,-2.2605726033287504e-05,0.6100565919173155,POLY
OPPORTUNITY,0.34958301859767227,0.47357238256387457,0.38772872096818556,0.4754449413246168,-0.12398936396620222,-0.03814570237051323,-0.0018725587607422592,0.09826150558954153,POLY
Power,0.4286798769583611,0.5020106680322937,0.4625695892252695,0.5089641525023502,-0.0733307910739325,-0.0338897122669084,-0.0069534844700565,0.0896995879161206,POLY
SED,0.25885176897902645,0.33325228185899936,0.3033174114633227,0.33829989546653655,-0.0744005128799729,-0.044465642484296256,-0.00504761360753715,0.0374112816256177,POLY
SMAP,0.21089900810982376,0.18744917856369883,0.1893973463859337,0.18210714560168148,0.02344982954612493,0.021501661723889978,0.0053420329620172645,0.6443353920457787,POLY
SMD,0.18012864641461732,0.15902704174505083,0.16531582824149674,0.15717545575639258,0.021101604669566423,0.014812818173120499,0.0018515859886582,0.6121323000512756,POLY
SVDB,0.24134051440331417,0.21203335442809823,0.22335029758071112,0.2099908076774504,0.02930715997521592,0.017990216822602968,0.0020425467506477667,0.44268098710576165,POLY
SWaT,0.5695013226659786,0.8095299149614791,0.6960771281663453,0.833065332691187,-0.2400285922955004,-0.1265758055003666,-0.0235354177297079,0.0964499897300144,POLY
Stock,0.417131156077293,0.3639863006648232,0.41277835167643184,0.3627793145561045,0.053144855412469785,0.004352804400861138,0.00120698610871865,0.8246315402762046,POLY
TAO,0.5535625392673225,0.5136042109103988,0.5536552153378471,0.5134710165648741,0.0399583283569237,-9.267607052460003e-05,0.00013319434552454997,0.9243692746006039,POLY
TODS,0.34089188089259115,0.3494683816078803,0.3272441044682799,0.34211818125678894,-0.008576500715289138,0.013647776424311229,0.007350200351091284,0.570608355069598,POLY
UCR,0.11965481163837996,0.12118827879405407,0.11969694103723447,0.12122483286699391,-0.0015334671556741313,-4.21293988545423e-05,-3.6554072939890506e-05,0.1270925798977207,POLY
WSD,0.11652476930139795,0.11569967076211748,0.11322421899248572,0.11253778401080643,0.00082509853928046,0.0033005503089121846,0.00316188675131098,0.41059700360426665,POLY
YAHOO,0.1357516306585992,0.13053893441590425,0.13420538547880714,0.13080093345394464,0.005212696242694886,0.0015462451797919957,-0.0002619990380404142,0.24669938206956518,POLY
CATSv2,0.2858020924202719,0.297887201276486,0.2771258142203899,0.2966934851329632,-0.0120851088562141,0.0086762781998819,0.0011937161435228,0.3643867119805548,MOMENT_FT
Daphnet,0.3254223915528967,0.2368700903937531,0.2947030233530577,0.2357042200628276,0.0885523011591436,0.0307193681998389,0.0011658703309254,0.5135527372213281,MOMENT_FT
Exathlon,0.5235995378389589,0.43366213844939877,0.4792228569429106,0.43051392170026076,0.08993739938956005,0.044376680896048196,0.003148216749137993,0.8305595884878447,MOMENT_FT
IOPS,0.15479102249458004,0.14680233978912313,0.14816617814808117,0.1463339254415965,0.007988682705456907,0.006624844346498783,0.0004684143475265067,0.3792760138503289,MOMENT_FT
LTDB,0.8720556920927158,0.8277857431274924,0.8741771949124755,0.8284946156307376,0.04426994896522349,-0.002121502819759639,-0.0007088725032451499,0.44998485662949583,MOMENT_FT
MGAB,0.10379637692907713,0.09814965849320105,0.10442830657602589,0.10240356060464681,0.005646718435876013,-0.00063192964694875,-0.004253902111445763,0.00417390632736015,MOMENT_FT
MITDB,0.2799692305476572,0.28074051205083167,0.28236399782653676,0.2803846668064175,-0.0007712815031744574,-0.0023947672788796,0.00035584524441411344,0.13152810293490055,MOMENT_FT
MSL,0.35306260934966177,0.32341904528105864,0.32821949233440256,0.3210562441166074,0.02964356406860314,0.0248431170152591,0.0023628011644511574,0.5318763198378218,MOMENT_FT
NAB,0.5109301265016868,0.49567876044141895,0.49775265088451137,0.49483207648335126,0.015251366060267817,0.013177475617175406,0.0008466839580676807,0.39293105271413964,MOMENT_FT
NEK,0.4180551094165658,0.34893343626830126,0.37933441317774297,0.3469648514149154,0.06912167314826453,0.03872069623882283,0.0019685848533857624,0.7292931728553823,MOMENT_FT
OPPORTUNITY,0.34958301859767227,0.47357238256387457,0.3952526356527801,0.4771527963016066,-0.12398936396620222,-0.045669617055107796,-0.003580413737732052,0.06806297450608524,MOMENT_FT
Power,0.4286798769583611,0.5020106680322937,0.4485228632701031,0.5041285038262711,-0.0733307910739325,-0.019842986311742,-0.0021178357939773,0.073828836779355,MOMENT_FT
SED,0.25885176897902645,0.33325228185899936,0.30111164110982613,0.34137605524215686,-0.0744005128799729,-0.04225987213079965,-0.0081237733831575,0.035336550856494245,MOMENT_FT
SMAP,0.21089900810982376,0.18744917856369883,0.2032662284092112,0.18551405401019827,0.02344982954612493,0.007632779700612494,0.0019351245535004825,0.6270105812656903,MOMENT_FT
SMD,0.18012864641461732,0.15902704174505083,0.1690315722943145,0.15873161411707054,0.021101604669566423,0.011097074120302716,0.00029542762798025635,0.7490210155103374,MOMENT_FT
SVDB,0.24134051440331417,0.21203335442809823,0.23278165592147454,0.21072658724368884,0.02930715997521592,0.008558858481839578,0.0013067671844093091,0.23308880910147683,MOMENT_FT
SWaT,0.5695013226659786,0.8095299149614791,0.6522480894607134,0.8098619621067227,-0.2400285922955004,-0.0827467667947348,-0.0003320471452435,0.0750012657797685,MOMENT_FT
Stock,0.417131156077293,0.3639863006648232,0.41208159222644813,0.3638426500921095,0.053144855412469785,0.005049563850844813,0.00014365057271362722,0.8070667473633466,MOMENT_FT
TAO,0.5535625392673225,0.5136042109103988,0.5412753888249505,0.5105448841571194,0.0399583283569237,0.01228715044237185,0.0030593267532793003,0.9377277234779,MOMENT_FT
TODS,0.34089188089259115,0.3494683816078803,0.3511340017041775,0.3504667124078961,-0.008576500715289138,-0.010242120811586338,-0.0009983308000158096,0.5794515423075086,MOMENT_FT
UCR,0.11965481163837996,0.12118827879405407,0.11996332790107848,0.12122054723714909,-0.0015334671556741313,-0.0003085162626985707,-3.22684430950545e-05,0.07790022228576371,MOMENT_FT
WSD,0.11652476930139795,0.11569967076211748,0.11317974492030851,0.11530038440990456,0.00082509853928046,0.0033450243810893713,0.0003992863522128445,0.5010593722075168,MOMENT_FT
YAHOO,0.1357516306585992,0.13053893441590425,0.13454990648586057,0.13065586504120572,0.005212696242694886,0.0012017241727385415,-0.00011693062530150301,0.2547185194942755,MOMENT_FT
CATSv2,0.2858020924202719,0.297887201276486,0.2787812579760432,0.297517994950801,-0.0120851088562141,0.0070208344442286,0.0003692063256849,0.2961038981537174,MOMENT_ZS
Daphnet,0.3254223915528967,0.2368700903937531,0.2965239798380316,0.2364059175254548,0.0885523011591436,0.028898411714865,0.0004641728682982,0.5194738105515135,MOMENT_ZS
Exathlon,0.5235995378389589,0.43366213844939877,0.48366841514776243,0.4322593050082869,0.08993739938956005,0.03993112269119637,0.0014028334411118634,0.8100870845266351,MOMENT_ZS
IOPS,0.15479102249458004,0.14680233978912313,0.1485431523688687,0.14661777303789103,0.007988682705456907,0.006247870125711292,0.00018456675123203046,0.37104281196944194,MOMENT_ZS
LTDB,0.8720556920927158,0.8277857431274924,0.8747987451794936,0.8289967063752602,0.04426994896522349,-0.0027430530867777877,-0.0012109632477678126,0.438750810066813,MOMENT_ZS
MGAB,0.10379637692907713,0.09814965849320105,0.10424881034611322,0.09808978661883835,0.005646718435876013,-0.0004524334170361,5.987187436266167e-05,0.00430796896560875,MOMENT_ZS
MITDB,0.2799692305476572,0.28074051205083167,0.28263763658535185,0.28101957241702197,-0.0007712815031744574,-0.0026684060376946854,-0.0002790603661902976,0.1400442790648365,MOMENT_ZS
MSL,0.35306260934966177,0.32341904528105864,0.3294922590480149,0.32161658261737835,0.02964356406860314,0.0235703503016468,0.0018024626636802088,0.5286839023647534,MOMENT_ZS
NAB,0.5109301265016868,0.49567876044141895,0.49874775183299214,0.4955532392251107,0.015251366060267817,0.012182374668694627,0.00012552121630831872,0.3879726750456801,MOMENT_ZS
NEK,0.4180551094165658,0.34893343626830126,0.38191924967354307,0.3480895139783695,0.06912167314826453,0.036135859743022705,0.0008439222899316876,0.7307019177778098,MOMENT_ZS
OPPORTUNITY,0.34958301859767227,0.47357238256387457,0.39305526941138824,0.4760603414713415,-0.12398936396620222,-0.04347225081371592,-0.002487958907466952,0.06762266365605432,MOMENT_ZS
Power,0.4286798769583611,0.5020106680322937,0.4470919106451482,0.5023441803060864,-0.0733307910739325,-0.0184120336867871,-0.0003335122737927,0.0753797184511857,MOMENT_ZS
SED,0.25885176897902645,0.33325228185899936,0.2994203534090557,0.3366986034407673,-0.0744005128799729,-0.04056858443002925,-0.0034463215817679502,0.0354705215083652,MOMENT_ZS
SMAP,0.21089900810982376,0.18744917856369883,0.20362697897169293,0.18626749868668194,0.02344982954612493,0.007272029138130788,0.0011816798770168356,0.6197237470817635,MOMENT_ZS
SMD,0.18012864641461732,0.15902704174505083,0.16959422993571982,0.15885212264083928,0.021101604669566423,0.010534416478897383,0.00017491910421153168,0.7413991582186141,MOMENT_ZS
SVDB,0.24134051440331417,0.21203335442809823,0.23396187066895388,0.21180548256009052,0.02930715997521592,0.007378643734360198,0.00022787186800764497,0.2710298894276436,MOMENT_ZS
SWaT,0.5695013226659786,0.8095299149614791,0.6480314540006875,0.812025603288812,-0.2400285922955004,-0.0785301313347088,-0.0024956883273329,0.0747594636961824,MOMENT_ZS
Stock,0.417131156077293,0.3639863006648232,0.41227452801978876,0.36452015735746124,0.053144855412469785,0.004856628057504175,-0.0005338566926380222,0.8071694083320322,MOMENT_ZS
TAO,0.5535625392673225,0.5136042109103988,0.5417355342025675,0.5115624740925102,0.0399583283569237,0.011827005064754849,0.0020417368178884,0.9377151082388226,MOMENT_ZS
TODS,0.34089188089259115,0.3494683816078803,0.35054506068678803,0.349283218890435,-0.008576500715289138,-0.009653179794196927,0.00018516271744524785,0.5844992740007324,MOMENT_ZS
UCR,0.11965481163837996,0.12118827879405407,0.12005484488871028,0.12128038510506377,-0.0015334671556741313,-0.00040003325033033496,-9.210631100971293e-05,0.06741478216301583,MOMENT_ZS
WSD,0.11652476930139795,0.11569967076211748,0.11333152761425114,0.11548055045235991,0.00082509853928046,0.0031932416871467326,0.00021912030975751088,0.48770785155297547,MOMENT_ZS
YAHOO,0.1357516306585992,0.13053893441590425,0.13459394362978205,0.1306744289917802,0.005212696242694886,0.0011576870288170615,-0.00013549457587600061,0.27067979235476886,MOMENT_ZS
CATSv2,0.2858020924202719,0.297887201276486,0.2877025052223449,0.292775065532189,-0.0120851088562141,-0.001900412802073,0.0051121357442969,0.1966983235756076,M2N2
Daphnet,0.3254223915528967,0.2368700903937531,0.283222068979571,0.2285813678116695,0.0885523011591436,0.0422003225733257,0.0082887225820835,0.3453406228159693,M2N2
Exathlon,0.5235995378389589,0.43366213844939877,0.44346447710342995,0.39007169763447874,0.08993739938956005,0.08013506073552887,0.04359044081492003,0.6146742952658276,M2N2
IOPS,0.15479102249458004,0.14680233978912313,0.14857091665800137,0.14724032647865412,0.007988682705456907,0.006220105836578627,-0.0004379866895310401,0.2488396527646062,M2N2
LTDB,0.8720556920927158,0.8277857431274924,0.9175670468376484,0.8662377918978754,0.04426994896522349,-0.045511354744932474,-0.03845204877038299,0.3027555863060885,M2N2
MGAB,0.10379637692907713,0.09814965849320105,0.10609184640601664,0.09951216076026057,0.005646718435876013,-0.0022954694769395127,-0.0013625022670595,0.004271768968478063,M2N2
MITDB,0.2799692305476572,0.28074051205083167,0.290652407832186,0.29135036495053945,-0.0007712815031744574,-0.010683177284528814,-0.010609852899707799,0.09735793942246337,M2N2
MSL,0.35306260934966177,0.32341904528105864,0.35731557628109645,0.33240096786018253,0.02964356406860314,-0.004252966931434744,-0.008981922579123943,0.23651931440342583,M2N2
NAB,0.5109301265016868,0.49567876044141895,0.5357233558246458,0.510226606826933,0.015251366060267817,-0.024793229322958996,-0.014547846385514027,0.19499408721474934,M2N2
NEK,0.4180551094165658,0.34893343626830126,0.3457856954669811,0.3090556054759038,0.06912167314826453,0.07226941394958464,0.03987783079239736,0.7329100609634827,M2N2
OPPORTUNITY,0.34958301859767227,0.47357238256387457,0.29727046874204777,0.40395889368330024,-0.12398936396620222,0.052312549855624474,0.0696134888805743,0.5396060661028856,M2N2
Power,0.4286798769583611,0.5020106680322937,0.4714347316492498,0.5242898424325018,-0.0733307910739325,-0.0427548546908888,-0.0222791744002081,0.081753377572748,M2N2
SED,0.25885176897902645,0.33325228185899936,0.3071732503481201,0.35031683938270386,-0.0744005128799729,-0.048321481369093644,-0.0170645575237044,0.05555576681131455,M2N2
SMAP,0.21089900810982376,0.18744917856369883,0.20939113655142097,0.18730795334267397,0.02344982954612493,0.0015078715584028,0.00014122522102482648,0.14493063333541586,M2N2
SMD,0.18012864641461732,0.15902704174505083,0.17074308529171128,0.15138351193210797,0.021101604669566423,0.009385561122905966,0.007643529812942785,0.29783871937844103,M2N2
SVDB,0.24134051440331417,0.21203335442809823,0.24191727248202965,0.21620646739896857,0.02930715997521592,-0.0005767580787155056,-0.004173112970870338,0.08356654638051013,M2N2
SWaT,0.5695013226659786,0.8095299149614791,0.4874460368773965,0.7147784107499725,-0.2400285922955004,0.0820552857885821,0.0947515042115065,0.6809524397473536,M2N2
Stock,0.417131156077293,0.3639863006648232,0.31814946408058786,0.3139862863320959,0.053144855412469785,0.09898169199670506,0.0500000143327272,0.9970674731193263,M2N2
TAO,0.5535625392673225,0.5136042109103988,0.4217754834409216,0.4491692648875734,0.0399583283569237,0.1317870558264008,0.0644349460228253,0.9998237724280018,M2N2
TODS,0.34089188089259115,0.3494683816078803,0.35805064677771836,0.36498567650178193,-0.008576500715289138,-0.017158765885127193,-0.015517294893901655,0.475176092151783,M2N2
UCR,0.11965481163837996,0.12118827879405407,0.12236795928986646,0.1246556202653518,-0.0015334671556741313,-0.0027131476514865105,-0.0034673414712977422,0.02748920125593752,M2N2
WSD,0.11652476930139795,0.11569967076211748,0.1155079605206664,0.11460783691019964,0.00082509853928046,0.0010168087807315151,0.0010918338519178062,0.1296319827517832,M2N2
YAHOO,0.1357516306585992,0.13053893441590425,0.12784470244183746,0.12473615577270888,0.005212696242694886,0.00790692821676173,0.00580277864319534,0.42332996034636555,M2N2
CATSv2,0.2858020924202719,0.297887201276486,0.2868947933366372,0.299896265203617,-0.0120851088562141,-0.0010927009163653,-0.002009063927131,0.0722943656500574,TranAD
Daphnet,0.3254223915528967,0.2368700903937531,0.3424702937187551,0.2513946539049289,0.0885523011591436,-0.0170479021658584,-0.0145245635111757,0.1960418063726212,TranAD
Exathlon,0.5235995378389589,0.43366213844939877,0.48772496032925106,0.4038139355387188,0.08993739938956005,0.03587457750970775,0.02984820291067991,0.6425437972277975,TranAD
IOPS,0.15479102249458004,0.14680233978912313,0.1498732373372877,0.14341677883372095,0.007988682705456907,0.004917785157292294,0.0033855609554021,0.20386058968120271,TranAD
LTDB,0.8720556920927158,0.8277857431274924,0.8748148230336338,0.8355264573821215,0.04426994896522349,-0.0027591309409178253,-0.007740714254629137,0.3206176506309696,TranAD
MGAB,0.10379637692907713,0.09814965849320105,0.10417044438345706,0.10024087622397948,0.005646718435876013,-0.0003740674543799375,-0.002091217730778425,0.004872079820168887,TranAD
MITDB,0.2799692305476572,0.28074051205083167,0.28045307237331324,0.2864523475744862,-0.0007712815031744574,-0.0004838418256560446,-0.0057118355236545,0.09021595788460543,TranAD
MSL,0.35306260934966177,0.32341904528105864,0.3443652670363483,0.3184864124360932,0.02964356406860314,0.008697342313313471,0.004932632844965386,0.2561423903568973,TranAD
NAB,0.5109301265016868,0.49567876044141895,0.5129916942478212,0.49654089427296844,0.015251366060267817,-0.0020615677461344,-0.0008621338315494333,0.20692647509622109,TranAD
NEK,0.4180551094165658,0.34893343626830126,0.38039556710473077,0.32233057345059235,0.06912167314826453,0.03765954231183501,0.02660286281770885,0.7037141460250973,TranAD
OPPORTUNITY,0.34958301859767227,0.47357238256387457,0.312884206580691,0.4392153956027396,-0.12398936396620222,0.03669881201698125,0.03435698696113488,0.6566290558301939,TranAD
Power,0.4286798769583611,0.5020106680322937,0.4194256642940635,0.4862553897769138,-0.0733307910739325,0.0092542126642975,0.0157552782553798,0.1189338795651763,TranAD
SED,0.25885176897902645,0.33325228185899936,0.2914331291807769,0.3601455396264242,-0.0744005128799729,-0.03258136020175045,-0.0268932577674248,0.0501413362578427,TranAD
SMAP,0.21089900810982376,0.18744917856369883,0.20692831327513259,0.18554597012917912,0.02344982954612493,0.003970694834691147,0.0019032084345196765,0.2305017845699613,TranAD
SMD,0.18012864641461732,0.15902704174505083,0.17653426875513886,0.15041396127271342,0.021101604669566423,0.0035943776594784056,0.008613080472337333,0.2996024289527524,TranAD
SVDB,0.24134051440331417,0.21203335442809823,0.23918114933140203,0.21304855509618548,0.02930715997521592,0.0021593650719121,-0.0010152006680872834,0.08022816489255062,TranAD
SWaT,0.5695013226659786,0.8095299149614791,0.5185105338312873,0.7573589843267481,-0.2400285922955004,0.0509907888346913,0.0521709306347309,0.530117998942596,TranAD
Stock,0.417131156077293,0.3639863006648232,0.4170364586341694,0.3727286651376287,0.053144855412469785,9.469744312364995e-05,-0.0087423644728055,0.8262494043612683,TranAD
TAO,0.5535625392673225,0.5136042109103988,0.5765184331739754,0.5521967756125732,0.0399583283569237,-0.02295589390665295,-0.03859256470217445,0.9345607170130519,TranAD
TODS,0.34089188089259115,0.3494683816078803,0.3502901096581069,0.3566194824863933,-0.008576500715289138,-0.009398228765515809,-0.00715110087851303,0.4660535761232285,TranAD
UCR,0.11965481163837996,0.12118827879405407,0.12063526300011512,0.12228015823630749,-0.0015334671556741313,-0.0009804513617351627,-0.0010918794422534357,0.019156602816606246,TranAD
WSD,0.11652476930139795,0.11569967076211748,0.1163616571408707,0.11652466562400252,0.00082509853928046,0.00016311216052721504,-0.00082499486188504,0.11917358905413741,TranAD
YAHOO,0.1357516306585992,0.13053893441590425,0.13295956575045326,0.12764110425007008,0.005212696242694886,0.0027920649081459195,0.00289783016583415,0.21270313796567833,TranAD
CATSv2,0.2858020924202719,0.297887201276486,0.2855953687505553,0.2977631857783537,-0.0120851088562141,0.0002067236697165,0.0001240154981322,0.103942533796143,TimesNet
Daphnet,0.3254223915528967,0.2368700903937531,0.3101658502280711,0.2367046718356466,0.0885523011591436,0.0152565413248255,0.0001654185581064,0.3994985892769419,TimesNet
Exathlon,0.5235995378389589,0.43366213844939877,0.5062507992523054,0.4335338430394909,0.08993739938956005,0.017348738586653402,0.00012829540990789233,0.5225787503024469,TimesNet
IOPS,0.15479102249458004,0.14680233978912313,0.15307315237291746,0.14679975180325652,0.007988682705456907,0.0017178701216625201,2.587985866572601e-06,0.21594371278167176,TimesNet
LTDB,0.8720556920927158,0.8277857431274924,0.8693998029589086,0.8276967332612579,0.04426994896522349,0.0026558891338072624,8.900986623445155e-05,0.32360367197521267,TimesNet
MGAB,0.10379637692907713,0.09814965849320105,0.10401084670277866,0.09803324818416864,0.005646718435876013,-0.0002144697737015375,0.000116410309032325,0.00412470613573515,TimesNet
MITDB,0.2799692305476572,0.28074051205083167,0.28047048086835513,0.28078914344918854,-0.0007712815031744574,-0.0005012503206979143,-4.863139835692272e-05,0.08029731814217553,TimesNet
MSL,0.35306260934966177,0.32341904528105864,0.342330726381085,0.3233747366011461,0.02964356406860314,0.010731882968576658,4.430867991252305e-05,0.3349044495289203,TimesNet
NAB,0.5109301265016868,0.49567876044141895,0.5094990848841386,0.4959101089091621,0.015251366060267817,0.0014310416175481997,-0.00023134846774316588,0.20964423861009684,TimesNet
NEK,0.4180551094165658,0.34893343626830126,0.40396956191429423,0.34910920750497537,0.06912167314826453,0.014085547502271525,-0.0001757712366741625,0.5138206735070742,TimesNet
OPPORTUNITY,0.34958301859767227,0.47357238256387457,0.37617232480421803,0.47491519726988884,-0.12398936396620222,-0.026589306206545697,-0.0013428147060142775,0.05181793626038639,TimesNet
Power,0.4286798769583611,0.5020106680322937,0.4379896734565221,0.5021243341294278,-0.0733307910739325,-0.009309796498161,-0.0001136660971341,0.0760505272292913,TimesNet
SED,0.25885176897902645,0.33325228185899936,0.2756423918070931,0.33354777755341164,-0.0744005128799729,-0.0167906228280666,-0.0002954956944123,0.04813760511093295,TimesNet
SMAP,0.21089900810982376,0.18744917856369883,0.20684164463083998,0.18729887650905078,0.02344982954612493,0.004057363478983736,0.00015030205464798278,0.43550619624902737,TimesNet
SMD,0.18012864641461732,0.15902704174505083,0.17473754000299388,0.15898278131597557,0.021101604669566423,0.005391106411623342,4.4260429075250414e-05,0.5537849232381943,TimesNet
SVDB,0.24134051440331417,0.21203335442809823,0.2381103696857483,0.21189988848691138,0.02930715997521592,0.0032301447175658114,0.00013346594118678415,0.09479581227677301,TimesNet
SWaT,0.5695013226659786,0.8095299149614791,0.6171862437160295,0.8172248683110315,-0.2400285922955004,-0.0476849210500508,-0.0076949533495523,0.102438190184288,TimesNet
Stock,0.417131156077293,0.3639863006648232,0.415139715611443,0.36384892917666045,0.053144855412469785,0.00199144046584995,0.00013737148816269756,0.7850170825602332,TimesNet
TAO,0.5535625392673225,0.5136042109103988,0.54668446708972,0.5134813380247809,0.0399583283569237,0.0068780721776024005,0.00012287288561785,0.9105580253137868,TimesNet
TODS,0.34089188089259115,0.3494683816078803,0.3443308592763804,0.3494066698010094,-0.008576500715289138,-0.003438978383789292,6.171180687089515e-05,0.5714954504563184,TimesNet
UCR,0.11965481163837996,0.12118827879405407,0.11981899345316245,0.12115468349341314,-0.0015334671556741313,-0.00016418181478252043,3.359530064087912e-05,0.02152862517495847,TimesNet
WSD,0.11652476930139795,0.11569967076211748,0.11491248341851894,0.11560807353354252,0.00082509853928046,0.0016122858828789184,9.159722857491871e-05,0.26270560957925515,TimesNet
YAHOO,0.1357516306585992,0.13053893441590425,0.13519455640523728,0.13048640157595948,0.005212696242694886,0.0005570742533618598,5.253283994473385e-05,0.22433398205485489,TimesNet
CATSv2,0.2858020924202719,0.297887201276486,0.2813667145646165,0.2959726571934067,-0.0120851088562141,0.0044353778556553,0.0019145440830792,0.2507393372428061,FITS
Daphnet,0.3254223915528967,0.2368700903937531,0.3058161578130234,0.2342225023824811,0.0885523011591436,0.0196062337398733,0.0026475880112719,0.4109126629939764,FITS
Exathlon,0.5235995378389589,0.43366213844939877,0.500731889754274,0.43015166707140734,0.08993739938956005,0.022867648084684875,0.0035104713779913867,0.5378712632606778,FITS
IOPS,0.15479102249458004,0.14680233978912313,0.15296810235871133,0.14620198054830327,0.007988682705456907,0.0018229201358686531,0.0006003592408198112,0.1492486418895891,FITS
LTDB,0.8720556920927158,0.8277857431274924,0.8720282281383831,0.829015815387493,0.04426994896522349,2.7463954332737324e-05,-0.001230072260000636,0.31538123540227603,FITS
MGAB,0.10379637692907713,0.09814965849320105,0.10400281191601382,0.0977766717997416,0.005646718435876013,-0.00020643498693668897,0.0003729866934593625,0.0059279917778002,FITS
MITDB,0.2799692305476572,0.28074051205083167,0.2803862042927911,0.2802540159740768,-0.0007712815031744574,-0.0004169737451339335,0.00048649607675485713,0.07919008566360718,FITS
MSL,0.35306260934966177,0.32341904528105864,0.3420291294813479,0.32190972105436977,0.02964356406860314,0.011033479868313814,0.0015093242266888145,0.32650089095448326,FITS
NAB,0.5109301265016868,0.49567876044141895,0.506180157121306,0.4962251185017416,0.015251366060267817,0.004749969380380691,-0.0005463580603226791,0.22707418954407466,FITS
NEK,0.4180551094165658,0.34893343626830126,0.3972166312699501,0.3457621390808899,0.06912167314826453,0.020838478146615665,0.0031712971874113126,0.5316985925620925,FITS
OPPORTUNITY,0.34958301859767227,0.47357238256387457,0.37541227509298536,0.4808884751291269,-0.12398936396620222,-0.02582925649531303,-0.007316092565252312,0.055635100964499466,FITS
Power,0.4286798769583611,0.5020106680322937,0.4360533468552185,0.501566792975073,-0.0733307910739325,-0.0073734698968574,0.0004438750572206,0.0796761625348344,FITS
SED,0.25885176897902645,0.33325228185899936,0.2624178241386004,0.33104320601739956,-0.0744005128799729,-0.0035660551595739,0.00220907584159975,0.0631328109777818,FITS
SMAP,0.21089900810982376,0.18744917856369883,0.20512156779705498,0.1863651630148441,0.02344982954612493,0.005777440312768765,0.001084015548854693,0.3923299842207499,FITS
SMD,0.18012864641461732,0.15902704174505083,0.17409366827263326,0.15833089262013908,0.021101604669566423,0.006034978141984,0.000696149124911697,0.5126773114940238,FITS
SVDB,0.24134051440331417,0.21203335442809823,0.2369533446145451,0.21121227670734855,0.02930715997521592,0.004387169788769011,0.0008210777207496172,0.0943513835267798,FITS
SWaT,0.5695013226659786,0.8095299149614791,0.6280034787306418,0.8276242573336836,-0.2400285922955004,-0.0585021560646631,-0.0180943423722045,0.1034433878245905,FITS
Stock,0.417131156077293,0.3639863006648232,0.4202961220775854,0.36523803319123005,0.053144855412469785,-0.0031649660002923373,-0.0012517325264068625,0.7598227945449927,FITS
TAO,0.5535625392673225,0.5136042109103988,0.5589843196546543,0.5157807618587531,0.0399583283569237,-0.00542178038733185,-0.00217655094835435,0.9068894741435309,FITS
TODS,0.34089188089259115,0.3494683816078803,0.34028414175626115,0.3480571280692527,-0.008576500715289138,0.00060773913633,0.0014112535386275307,0.5993162454825042,FITS
UCR,0.11965481163837996,0.12118827879405407,0.11983475969767353,0.12076304375939423,-0.0015334671556741313,-0.0001799480592936009,0.00042523503465977976,0.0257302927206701,FITS
WSD,0.11652476930139795,0.11569967076211748,0.11579748498839111,0.11474998402843832,0.00082509853928046,0.0007272843130067896,0.000949686733679087,0.09540086352814282,FITS
YAHOO,0.1357516306585992,0.13053893441590425,0.1351325139141201,0.13059850310012172,0.005212696242694886,0.0006191167444790871,-5.956868421751263e-05,0.19385523570894966,FITS
CATSv2,0.2858020924202719,0.297887201276486,0.2852203060457815,0.296725084574876,-0.0120851088562141,0.0005817863744903,0.0011621167016099,0.058371317281501,AnomalyTransformer
Daphnet,0.3254223915528967,0.2368700903937531,0.3261471276790488,0.2364984882812945,0.0885523011591436,-0.0007247361261521,0.0003716021124585,0.0686876735956535,AnomalyTransformer
Exathlon,0.5235995378389589,0.43366213844939877,0.519193120605432,0.4289622369608527,0.08993739938956005,0.004406417233526877,0.004699901488546047,0.12575074589415328,AnomalyTransformer
IOPS,0.15479102249458004,0.14680233978912313,0.1544857442466991,0.14698704495527276,0.007988682705456907,0.0003052782478808782,-0.00018470516614970666,0.05581327376487593,AnomalyTransformer
LTDB,0.8720556920927158,0.8277857431274924,0.8729217089767298,0.8279003305809952,0.04426994896522349,-0.0008660168840139374,-0.00011458745350281254,0.26330935714654435,AnomalyTransformer
MGAB,0.10379637692907713,0.09814965849320105,0.10349113579150862,0.09805426678307426,0.005646718435876013,0.0003052411375684,9.539171012673774e-05,0.004470210649918925,AnomalyTransformer
MITDB,0.2799692305476572,0.28074051205083167,0.28248681070652765,0.284696640728591,-0.0007712815031744574,-0.0025175801588704287,-0.003956128677759357,0.07898025606859074,AnomalyTransformer
MSL,0.35306260934966177,0.32341904528105864,0.352874447347111,0.3231576422026271,0.02964356406860314,0.0001881620025507,0.00026140307843146353,0.11644380257324514,AnomalyTransformer
NAB,0.5109301265016868,0.49567876044141895,0.5123358623196416,0.4964904177721435,0.015251366060267817,-0.0014057358179547078,-0.0008116573307245044,0.13690565526158371,AnomalyTransformer
NEK,0.4180551094165658,0.34893343626830126,0.419594932759306,0.3498967096881044,0.06912167314826453,-0.0015398233427401627,-0.0009632734198031626,0.17293652435273962,AnomalyTransformer
OPPORTUNITY,0.34958301859767227,0.47357238256387457,0.3504122993237737,0.4759866130853739,-0.12398936396620222,-0.0008292807261014036,-0.002414230521499324,0.09138880026751571,AnomalyTransformer
Power,0.4286798769583611,0.5020106680322937,0.4278078563014511,0.5002579361077113,-0.0733307910739325,0.0008720206569099,0.0017527319245823,0.0861151772411347,AnomalyTransformer
SED,0.25885176897902645,0.33325228185899936,0.2557336569656725,0.32860044524598997,-0.0744005128799729,0.0031181120133538997,0.0046518366130094,0.06964141310103725,AnomalyTransformer
SMAP,0.21089900810982376,0.18744917856369883,0.20958484762946838,0.18637610080013686,0.02344982954612493,0.0013141604803553293,0.0010730777635619357,0.04290737912921155,AnomalyTransformer
SMD,0.18012864641461732,0.15902704174505083,0.18064507889411408,0.15732121773399652,0.021101604669566423,-0.0005164324794967981,0.00170582401105424,0.12122647770874925,AnomalyTransformer
SVDB,0.24134051440331417,0.21203335442809823,0.2419815413842047,0.21259499123544912,0.02930715997521592,-0.0006410269808905024,-0.0005616368073509161,0.06671566664434517,AnomalyTransformer
SWaT,0.5695013226659786,0.8095299149614791,0.5625557303644245,0.799844641744653,-0.2400285922955004,0.0069455923015541,0.0096852732168261,0.1109473221317438,AnomalyTransformer
Stock,0.417131156077293,0.3639863006648232,0.417198105749538,0.3656049499475736,0.053144855412469785,-6.694967224495001e-05,-0.0016186492827503876,0.7458412059517936,AnomalyTransformer
TAO,0.5535625392673225,0.5136042109103988,0.5542439548074709,0.5153666917354018,0.0399583283569237,-0.0006814155401484001,-0.0017624808250031,0.9028774719155659,AnomalyTransformer
TODS,0.34089188089259115,0.3494683816078803,0.3414257103424514,0.35134446098210625,-0.008576500715289138,-0.000533829449860277,-0.0018760793742260075,0.47693009384666385,AnomalyTransformer
UCR,0.11965481163837996,0.12118827879405407,0.11983840693117756,0.12167707107490419,-0.0015334671556741313,-0.00018359529279765347,-0.0004887922808501689,0.019835526530318743,AnomalyTransformer
WSD,0.11652476930139795,0.11569967076211748,0.11634710565238127,0.11533414164884763,0.00082509853928046,0.00017766364901662847,0.0003655291132697812,0.022175502912856533,AnomalyTransformer
YAHOO,0.1357516306585992,0.13053893441590425,0.13586412276952287,0.13083446345252972,0.005212696242694886,-0.00011249211092373806,-0.0002955290366254967,0.060020093927041676,AnomalyTransformer
