detector,omitted_source,CDU_without_source,method
SubPCA,CATSv2,0.011850050972165925,reaggregate existing OOF losses; no probe refitting
SubPCA,Daphnet,0.011769080105103207,reaggregate existing OOF losses; no probe refitting
SubPCA,Exathlon,0.008773997449474285,reaggregate existing OOF losses; no probe refitting
SubPCA,IOPS,0.011674997901897766,reaggregate existing OOF losses; no probe refitting
SubPCA,LTDB,0.012117556012469576,reaggregate existing OOF losses; no probe refitting
SubPCA,MGAB,0.011600316384573435,reaggregate existing OOF losses; no probe refitting
SubPCA,MITDB,0.01181612055265572,reaggregate existing OOF losses; no probe refitting
SubPCA,MSL,0.011925482348190684,reaggregate existing OOF losses; no probe refitting
SubPCA,NAB,0.01249712484904103,reaggregate existing OOF losses; no probe refitting
SubPCA,NEK,0.009784192667460199,reaggregate existing OOF losses; no probe refitting
SubPCA,OPPORTUNITY,0.007220863628152851,reaggregate existing OOF losses; no probe refitting
SubPCA,Power,0.012904699356627336,reaggregate existing OOF losses; no probe refitting
SubPCA,SED,0.01416494816504593,reaggregate existing OOF losses; no probe refitting
SubPCA,SMAP,0.011264370856274207,reaggregate existing OOF losses; no probe refitting
SubPCA,SMD,0.011349310852990705,reaggregate existing OOF losses; no probe refitting
SubPCA,SVDB,0.011466321104944421,reaggregate existing OOF losses; no probe refitting
SubPCA,SWaT,0.0051015915324245644,reaggregate existing OOF losses; no probe refitting
SubPCA,Stock,0.011669455299712998,reaggregate existing OOF losses; no probe refitting
SubPCA,TAO,0.01180135737641244,reaggregate existing OOF losses; no probe refitting
SubPCA,TODS,0.012224775484362555,reaggregate existing OOF losses; no probe refitting
SubPCA,UCR,0.011964269019882196,reaggregate existing OOF losses; no probe refitting
SubPCA,WSD,0.0115793172109091,reaggregate existing OOF losses; no probe refitting
SubPCA,YAHOO,0.011595014052393772,reaggregate existing OOF losses; no probe refitting
POLY,CATSv2,0.0005647040573458539,reaggregate existing OOF losses; no probe refitting
POLY,Daphnet,0.0004986617335609859,reaggregate existing OOF losses; no probe refitting
POLY,Exathlon,0.00033161634685246853,reaggregate existing OOF losses; no probe refitting
POLY,IOPS,0.0006206992132782164,reaggregate existing OOF losses; no probe refitting
POLY,LTDB,0.0007548733399854405,reaggregate existing OOF losses; no probe refitting
POLY,MGAB,0.0005870103207523467,reaggregate existing OOF losses; no probe refitting
POLY,MITDB,0.0005130579541916586,reaggregate existing OOF losses; no probe refitting
POLY,MSL,0.000291780755961941,reaggregate existing OOF losses; no probe refitting
POLY,NAB,0.00033549108217727035,reaggregate existing OOF losses; no probe refitting
POLY,NEK,0.0006578200661686988,reaggregate existing OOF losses; no probe refitting
POLY,OPPORTUNITY,0.000741908840473652,reaggregate existing OOF losses; no probe refitting
POLY,Power,0.0009728600090788448,reaggregate existing OOF losses; no probe refitting
POLY,SED,0.0008862295153279653,reaggregate existing OOF losses; no probe refitting
POLY,SMAP,0.00041397285307549195,reaggregate existing OOF losses; no probe refitting
POLY,SMD,0.0005726295336827221,reaggregate existing OOF losses; no probe refitting
POLY,SVDB,0.0005639494990468327,reaggregate existing OOF losses; no probe refitting
POLY,SWaT,0.0017265842481539084,reaggregate existing OOF losses; no probe refitting
POLY,Stock,0.000601929528225429,reaggregate existing OOF losses; no probe refitting
POLY,TAO,0.0006507382447342517,reaggregate existing OOF losses; no probe refitting
POLY,TODS,0.000322692517208491,reaggregate existing OOF losses; no probe refitting
POLY,UCR,0.0006584540819371808,reaggregate existing OOF losses; no probe refitting
POLY,WSD,0.0005130704081075959,reaggregate existing OOF losses; no probe refitting
POLY,YAHOO,0.000668701580350841,reaggregate existing OOF losses; no probe refitting
MOMENT_FT,CATSv2,-0.0001276534023276908,reaggregate existing OOF losses; no probe refitting
MOMENT_FT,Daphnet,-0.0001263876835732635,reaggregate existing OOF losses; no probe refitting
MOMENT_FT,Exathlon,-0.00021649433894656316,reaggregate existing OOF losses; no probe refitting
MOMENT_FT,IOPS,-9.468513887331384e-05,reaggregate existing OOF losses; no probe refitting
MOMENT_FT,LTDB,-4.117210020187484e-05,reaggregate existing OOF losses; no probe refitting
MOMENT_FT,MGAB,0.00011996560926178938,reaggregate existing OOF losses; no probe refitting
MOMENT_FT,MITDB,-8.95683614591141e-05,reaggregate existing OOF losses; no probe refitting
MOMENT_FT,MSL,-0.00018079363055170704,reaggregate existing OOF losses; no probe refitting
MOMENT_FT,NAB,-0.00011187921207973079,reaggregate existing OOF losses; no probe refitting
MOMENT_FT,NEK,-0.0001628747073214618,reaggregate existing OOF losses; no probe refitting
MOMENT_FT,OPPORTUNITY,8.93525013657116e-05,reaggregate existing OOF losses; no probe refitting
MOMENT_FT,Power,2.2871685740495575e-05,reaggregate existing OOF losses; no probe refitting
MOMENT_FT,SED,0.00029586884888505006,reaggregate existing OOF losses; no probe refitting
MOMENT_FT,SMAP,-0.00016135378459940372,reaggregate existing OOF losses; no probe refitting
MOMENT_FT,SMD,-8.682210616666615e-05,reaggregate existing OOF losses; no probe refitting
MOMENT_FT,SVDB,-0.00013279208600435035,reaggregate existing OOF losses; no probe refitting
MOMENT_FT,SWaT,-5.830052556558627e-05,reaggregate existing OOF losses; no probe refitting
MOMENT_FT,Stock,-7.992314910909204e-05,reaggregate existing OOF losses; no probe refitting
MOMENT_FT,TAO,-0.00021245388458934996,reaggregate existing OOF losses; no probe refitting
MOMENT_FT,TODS,-2.8014904894117658e-05,reaggregate existing OOF losses; no probe refitting
MOMENT_FT,UCR,-7.192683020869745e-05,reaggregate existing OOF losses; no probe refitting
MOMENT_FT,WSD,-9.15429572681474e-05,reaggregate existing OOF losses; no probe refitting
MOMENT_FT,YAHOO,-6.807854919931342e-05,reaggregate existing OOF losses; no probe refitting
MOMENT_ZS,CATSv2,-9.55054765722821e-05,reaggregate existing OOF losses; no probe refitting
MOMENT_ZS,Daphnet,-9.982213760015937e-05,reaggregate existing OOF losses; no probe refitting
MOMENT_ZS,Exathlon,-0.00014248852727350773,reaggregate existing OOF losses; no probe refitting
MOMENT_ZS,IOPS,-8.711276864260624e-05,reaggregate existing OOF losses; no probe refitting
MOMENT_ZS,LTDB,-2.36795868698861e-05,reaggregate existing OOF losses; no probe refitting
MOMENT_ZS,MGAB,-8.144481969399858e-05,reaggregate existing OOF losses; no probe refitting
MOMENT_ZS,MITDB,-6.603880875977315e-05,reaggregate existing OOF losses; no probe refitting
MOMENT_ZS,MSL,-0.00016065349193570527,reaggregate existing OOF losses; no probe refitting
MOMENT_ZS,NAB,-8.442888069152848e-05,reaggregate existing OOF losses; no probe refitting
MOMENT_ZS,NEK,-0.00011708347494713611,reaggregate existing OOF losses; no probe refitting
MOMENT_ZS,OPPORTUNITY,3.436567038916569e-05,reaggregate existing OOF losses; no probe refitting
MOMENT_ZS,Power,-6.356372205057305e-05,reaggregate existing OOF losses; no probe refitting
MOMENT_ZS,SED,7.792761013012015e-05,reaggregate existing OOF losses; no probe refitting
MOMENT_ZS,SMAP,-0.00013243609254191555,reaggregate existing OOF losses; no probe refitting
MOMENT_ZS,SMD,-8.667423923258358e-05,reaggregate existing OOF losses; no probe refitting
MOMENT_ZS,SVDB,-8.908118304149782e-05,reaggregate existing OOF losses; no probe refitting
MOMENT_ZS,SWaT,3.4717007655799714e-05,reaggregate existing OOF losses; no probe refitting
MOMENT_ZS,Stock,-5.445715755760384e-05,reaggregate existing OOF losses; no probe refitting
MOMENT_ZS,TAO,-0.0001715295898542594,reaggregate existing OOF losses; no probe refitting
MOMENT_ZS,TODS,-8.713985801593431e-05,reaggregate existing OOF losses; no probe refitting
MOMENT_ZS,UCR,-7.453672035889064e-05,reaggregate existing OOF losses; no probe refitting
MOMENT_ZS,WSD,-8.8683384939219e-05,reaggregate existing OOF losses; no probe refitting
MOMENT_ZS,YAHOO,-7.256452650133211e-05,reaggregate existing OOF losses; no probe refitting
M2N2,CATSv2,0.011288303377946061,reaggregate existing OOF losses; no probe refitting
M2N2,Daphnet,0.01114391306713758,reaggregate existing OOF losses; no probe refitting
M2N2,Exathlon,0.009539289511099556,reaggregate existing OOF losses; no probe refitting
M2N2,IOPS,0.01154058167039279,reaggregate existing OOF losses; no probe refitting
M2N2,LTDB,0.013268493583158786,reaggregate existing OOF losses; no probe refitting
M2N2,MGAB,0.011582605105734993,reaggregate existing OOF losses; no probe refitting
M2N2,MITDB,0.012002939225400825,reaggregate existing OOF losses; no probe refitting
M2N2,MSL,0.011928942392647012,reaggregate existing OOF losses; no probe refitting
M2N2,NAB,0.012181938929301106,reaggregate existing OOF losses; no probe refitting
M2N2,NEK,0.009708044512123317,reaggregate existing OOF losses; no probe refitting
M2N2,OPPORTUNITY,0.008356423689933454,reaggregate existing OOF losses; no probe refitting
M2N2,Power,0.012533362929969018,reaggregate existing OOF losses; no probe refitting
M2N2,SED,0.012296334890127941,reaggregate existing OOF losses; no probe refitting
M2N2,SMAP,0.011514253856276612,reaggregate existing OOF losses; no probe refitting
M2N2,SMD,0.01117324001118943,reaggregate existing OOF losses; no probe refitting
M2N2,SVDB,0.01171036013772639,reaggregate existing OOF losses; no probe refitting
M2N2,SWaT,0.0072137866294365366,reaggregate existing OOF losses; no probe refitting
M2N2,Stock,0.009247945260290139,reaggregate existing OOF losses; no probe refitting
M2N2,TAO,0.008591812001649317,reaggregate existing OOF losses; no probe refitting
M2N2,TODS,0.012226004770591452,reaggregate existing OOF losses; no probe refitting
M2N2,UCR,0.011678279615018548,reaggregate existing OOF losses; no probe refitting
M2N2,WSD,0.011471044373054205,reaggregate existing OOF losses; no probe refitting
M2N2,YAHOO,0.011256910518905226,reaggregate existing OOF losses; no probe refitting
TranAD,CATSv2,0.0029647612185346463,reaggregate existing OOF losses; no probe refitting
TranAD,Daphnet,0.0035336475632639502,reaggregate existing OOF losses; no probe refitting
TranAD,Exathlon,0.0015167036349977873,reaggregate existing OOF losses; no probe refitting
TranAD,IOPS,0.002719550996601324,reaggregate existing OOF losses; no probe refitting
TranAD,LTDB,0.003225290778875471,reaggregate existing OOF losses; no probe refitting
TranAD,MGAB,0.0029684954823368023,reaggregate existing OOF losses; no probe refitting
TranAD,MITDB,0.0031330690183766245,reaggregate existing OOF losses; no probe refitting
TranAD,MSL,0.0026492295470757206,reaggregate existing OOF losses; no probe refitting
TranAD,NAB,0.0029126280323718487,reaggregate existing OOF losses; no probe refitting
TranAD,NEK,0.0016642190937691996,reaggregate existing OOF losses; no probe refitting
TranAD,OPPORTUNITY,0.0013117589054316525,reaggregate existing OOF losses; no probe refitting
TranAD,Power,0.0021572911193296113,reaggregate existing OOF losses; no probe refitting
TranAD,SED,0.004095860938548003,reaggregate existing OOF losses; no probe refitting
TranAD,SMAP,0.0027869306566414343,reaggregate existing OOF losses; no probe refitting
TranAD,SMD,0.002481936473104268,reaggregate existing OOF losses; no probe refitting
TranAD,SVDB,0.002919585615850841,reaggregate existing OOF losses; no probe refitting
TranAD,SWaT,0.00050203419299547,reaggregate existing OOF losses; no probe refitting
TranAD,Stock,0.003270820334247124,reaggregate existing OOF losses; no probe refitting
TranAD,TAO,0.004627647617400258,reaggregate existing OOF losses; no probe refitting
TranAD,TODS,0.003198490170870194,reaggregate existing OOF losses; no probe refitting
TranAD,UCR,0.0029230710146765757,reaggregate existing OOF losses; no probe refitting
TranAD,WSD,0.0029109398973871034,reaggregate existing OOF losses; no probe refitting
TranAD,YAHOO,0.002741720577945322,reaggregate existing OOF losses; no probe refitting
TimesNet,CATSv2,-0.0003876790984593215,reaggregate existing OOF losses; no probe refitting
TimesNet,Daphnet,-0.00038956105573087604,reaggregate existing OOF losses; no probe refitting
TimesNet,Exathlon,-0.0003878736399036712,reaggregate existing OOF losses; no probe refitting
TimesNet,IOPS,-0.00038215966608361114,reaggregate existing OOF losses; no probe refitting
TimesNet,LTDB,-0.0003860879333730602,reaggregate existing OOF losses; no probe refitting
TimesNet,MGAB,-0.0003873334080456909,reaggregate existing OOF losses; no probe refitting
TimesNet,MITDB,-0.00037983151225527044,reaggregate existing OOF losses; no probe refitting
TimesNet,MSL,-0.000384056061267518,reaggregate existing OOF losses; no probe refitting
TimesNet,NAB,-0.0003715261909195322,reaggregate existing OOF losses; no probe refitting
TimesNet,NEK,-0.00037405242869539596,reaggregate existing OOF losses; no probe refitting
TimesNet,OPPORTUNITY,-0.0003210049982708452,reaggregate existing OOF losses; no probe refitting
TimesNet,Power,-0.0003768753895835806,reaggregate existing OOF losses; no probe refitting
TimesNet,SED,-0.000368610407889117,reaggregate existing OOF losses; no probe refitting
TimesNet,SMAP,-0.00038887394193731165,reaggregate existing OOF losses; no probe refitting
TimesNet,SMD,-0.00038405386804764204,reaggregate existing OOF losses; no probe refitting
TimesNet,SVDB,-0.00038810866405271176,reaggregate existing OOF losses; no probe refitting
TimesNet,SWaT,-3.227142356457147e-05,reaggregate existing OOF losses; no probe refitting
TimesNet,Stock,-0.0003882861889152531,reaggregate existing OOF losses; no probe refitting
TimesNet,TAO,-0.000387627161526851,reaggregate existing OOF losses; no probe refitting
TimesNet,TODS,-0.0003848471124928985,reaggregate existing OOF losses; no probe refitting
TimesNet,UCR,-0.00038356908948244326,reaggregate existing OOF losses; no probe refitting
TimesNet,WSD,-0.0003862055407521723,reaggregate existing OOF losses; no probe refitting
TimesNet,YAHOO,-0.0003844298867235276,reaggregate existing OOF losses; no probe refitting
FITS,CATSv2,-0.00046981027282084765,reaggregate existing OOF losses; no probe refitting
FITS,Daphnet,-0.0005031304513750614,reaggregate existing OOF losses; no probe refitting
FITS,Exathlon,-0.0005423524225895835,reaggregate existing OOF losses; no probe refitting
FITS,IOPS,-0.0004100745981726937,reaggregate existing OOF losses; no probe refitting
FITS,LTDB,-0.0003268731663172188,reaggregate existing OOF losses; no probe refitting
FITS,MGAB,-0.0003997394823835824,reaggregate existing OOF losses; no probe refitting
FITS,MITDB,-0.0004048989998061048,reaggregate existing OOF losses; no probe refitting
FITS,MSL,-0.00045139118843946655,reaggregate existing OOF losses; no probe refitting
FITS,NAB,-0.00035795108448439877,reaggregate existing OOF losses; no probe refitting
FITS,NEK,-0.000526935413926853,reaggregate existing OOF losses; no probe refitting
FITS,OPPORTUNITY,-5.0235879714870146e-05,reaggregate existing OOF losses; no probe refitting
FITS,Power,-0.00040296168073636595,reaggregate existing OOF losses; no probe refitting
FITS,SED,-0.0004831980800263273,reaggregate existing OOF losses; no probe refitting
FITS,SMAP,-0.000432058975810643,reaggregate existing OOF losses; no probe refitting
FITS,SMD,-0.00041442868381323406,reaggregate existing OOF losses; no probe refitting
FITS,SVDB,-0.0004201072563513214,reaggregate existing OOF losses; no probe refitting
FITS,SWaT,0.000439684566055684,reaggregate existing OOF losses; no probe refitting
FITS,Stock,-0.00032588860875329943,reaggregate existing OOF losses; no probe refitting
FITS,TAO,-0.0002838514077556864,reaggregate existing OOF losses; no probe refitting
FITS,TODS,-0.0004469334298912265,reaggregate existing OOF losses; no probe refitting
FITS,UCR,-0.00040211440698360146,reaggregate existing OOF losses; no probe refitting
FITS,WSD,-0.0004259531205753881,reaggregate existing OOF losses; no probe refitting
FITS,YAHOO,-0.00038007787430736087,reaggregate existing OOF losses; no probe refitting
AnomalyTransformer,CATSv2,0.0004370373116191618,reaggregate existing OOF losses; no probe refitting
AnomalyTransformer,Daphnet,0.0004729697929442254,reaggregate existing OOF losses; no probe refitting
AnomalyTransformer,Exathlon,0.0002762289122129734,reaggregate existing OOF losses; no probe refitting
AnomalyTransformer,IOPS,0.0004982564874264167,reaggregate existing OOF losses; no probe refitting
AnomalyTransformer,LTDB,0.0004950693186697397,reaggregate existing OOF losses; no probe refitting
AnomalyTransformer,MGAB,0.0004855248112320329,reaggregate existing OOF losses; no probe refitting
AnomalyTransformer,MITDB,0.000669684828863219,reaggregate existing OOF losses; no probe refitting
AnomalyTransformer,MSL,0.00047797883994545455,reaggregate existing OOF losses; no probe refitting
AnomalyTransformer,NAB,0.0005267543130889074,reaggregate existing OOF losses; no probe refitting
AnomalyTransformer,NEK,0.0005336459535015737,reaggregate existing OOF losses; no probe refitting
AnomalyTransformer,OPPORTUNITY,0.0005995985490332173,reaggregate existing OOF losses; no probe refitting
AnomalyTransformer,Power,0.0004101911651204165,reaggregate existing OOF losses; no probe refitting
AnomalyTransformer,SED,0.00027841367928282094,reaggregate existing OOF losses; no probe refitting
AnomalyTransformer,SMAP,0.00044108453607588746,reaggregate existing OOF losses; no probe refitting
AnomalyTransformer,SMD,0.0004123233430080555,reaggregate existing OOF losses; no probe refitting
AnomalyTransformer,SVDB,0.0005153897438446534,reaggregate existing OOF losses; no probe refitting
AnomalyTransformer,SWaT,4.962110638206188e-05,reaggregate existing OOF losses; no probe refitting
AnomalyTransformer,Stock,0.0005634357654537204,reaggregate existing OOF losses; no probe refitting
AnomalyTransformer,TAO,0.0005699735628288437,reaggregate existing OOF losses; no probe refitting
AnomalyTransformer,TODS,0.0005751371332480669,reaggregate existing OOF losses; no probe refitting
AnomalyTransformer,UCR,0.0005120786290037106,reaggregate existing OOF losses; no probe refitting
AnomalyTransformer,WSD,0.0004732458383618946,reaggregate existing OOF losses; no probe refitting
AnomalyTransformer,YAHOO,0.0005032939360844073,reaggregate existing OOF losses; no probe refitting
