detector,CDU,CDU_CI_low,CDU_CI_high,positive_sources,bootstrap_prob_source_macro_positive,n_series,n_sources,signature,dropped_family
SubPCA,0.0109011485382643,-0.0037159368592019,0.0274402403416686,12,0.9201,350,23,19a170dba701ca9af362aaf226d84bf103e88ec95fd603cf59623e566c42b070,variance
POLY,0.0004720668266064,-0.0034652749260004,0.0034778091633172,17,0.63,350,23,19a170dba701ca9af362aaf226d84bf103e88ec95fd603cf59623e566c42b070,variance
MOMENT_FT,-0.0003312534085762,-0.0015910230919339,0.0005752464505329,14,0.2907,350,23,19a170dba701ca9af362aaf226d84bf103e88ec95fd603cf59623e566c42b070,variance
MOMENT_ZS,-0.0005914082994119,-0.0011820370654425,-0.0001304868372198,5,0.0,350,23,19a170dba701ca9af362aaf226d84bf103e88ec95fd603cf59623e566c42b070,variance
M2N2,0.0116319290735064,-0.0008694983766519,0.0254019454788458,11,0.9631,350,23,19a170dba701ca9af362aaf226d84bf103e88ec95fd603cf59623e566c42b070,variance
TranAD,0.0028765889834758,-0.0046743701538328,0.0108089757600198,10,0.7621,350,23,19a170dba701ca9af362aaf226d84bf103e88ec95fd603cf59623e566c42b070,variance
TimesNet,-0.0004181851779923,-0.0013355994416054,0.0001060903573222,16,0.1868,350,23,19a170dba701ca9af362aaf226d84bf103e88ec95fd603cf59623e566c42b070,variance
FITS,-0.0002425043709274,-0.0023300162541934,0.0012899189485525,16,0.4324,350,23,19a170dba701ca9af362aaf226d84bf103e88ec95fd603cf59623e566c42b070,variance
AnomalyTransformer,0.000392625281421,-0.0006888710245298,0.0017032331222095,11,0.7283,350,23,19a170dba701ca9af362aaf226d84bf103e88ec95fd603cf59623e566c42b070,variance
SubPCA,0.0115502781180277,-0.0034435759000136,0.0295637620441994,11,0.9265,350,23,e703e68e0c92874469de968f42d01f12f25fad01aa7517deaa72fdf8a84c6a70,range
POLY,0.0007893345278004,-0.0027250406764316,0.0035827277717018,17,0.7031,350,23,e703e68e0c92874469de968f42d01f12f25fad01aa7517deaa72fdf8a84c6a70,range
MOMENT_FT,5.318274531007014e-05,-0.0008975874071572,0.0008884981862693,14,0.5499,350,23,e703e68e0c92874469de968f42d01f12f25fad01aa7517deaa72fdf8a84c6a70,range
MOMENT_ZS,-4.498839307371382e-05,-0.0004724908189446,0.0003541743818041,13,0.4204,350,23,e703e68e0c92874469de968f42d01f12f25fad01aa7517deaa72fdf8a84c6a70,range
M2N2,0.0116281404042238,-0.000878729720293,0.0253435800788625,13,0.9631,350,23,e703e68e0c92874469de968f42d01f12f25fad01aa7517deaa72fdf8a84c6a70,range
TranAD,0.0033660516935364,-0.0040905479052098,0.011289332544985,11,0.7991,350,23,e703e68e0c92874469de968f42d01f12f25fad01aa7517deaa72fdf8a84c6a70,range
TimesNet,-0.0003675000817298,-0.0011916945113596,0.0001189711823662,15,0.1939,350,23,e703e68e0c92874469de968f42d01f12f25fad01aa7517deaa72fdf8a84c6a70,range
FITS,-0.0003815344784052,-0.0024944906735691,0.0011779594944214,16,0.3774,350,23,e703e68e0c92874469de968f42d01f12f25fad01aa7517deaa72fdf8a84c6a70,range
AnomalyTransformer,0.0003816317704541,-0.0007508255557785,0.0017339757374295,11,0.7144,350,23,e703e68e0c92874469de968f42d01f12f25fad01aa7517deaa72fdf8a84c6a70,range
SubPCA,0.0109341886041152,-0.0037645848928473,0.0287308225519161,11,0.9144,350,23,4119b2f01222e6c67b3f7284708ca0cfa29d595311e7e808ee47e7bfa20b38ee,next_difference
POLY,0.0006890582518008,-0.0022275127256479,0.0030575865803768,16,0.7039,350,23,4119b2f01222e6c67b3f7284708ca0cfa29d595311e7e808ee47e7bfa20b38ee,next_difference
MOMENT_FT,-1.1616979482453926e-05,-0.000818029348284,0.0006829924445153,14,0.4927,350,23,4119b2f01222e6c67b3f7284708ca0cfa29d595311e7e808ee47e7bfa20b38ee,next_difference
MOMENT_ZS,-3.280026332881131e-05,-0.0004257156444672,0.0003302778302682,14,0.4374,350,23,4119b2f01222e6c67b3f7284708ca0cfa29d595311e7e808ee47e7bfa20b38ee,next_difference
M2N2,0.0121707048414623,-0.0018982065496631,0.0270705499329222,13,0.9507,350,23,4119b2f01222e6c67b3f7284708ca0cfa29d595311e7e808ee47e7bfa20b38ee,next_difference
TranAD,0.003594576186635,-0.0037591119606286,0.0111770336259319,11,0.8273,350,23,4119b2f01222e6c67b3f7284708ca0cfa29d595311e7e808ee47e7bfa20b38ee,next_difference
TimesNet,-0.0002632753010837,-0.0006566076362905,-3.592391561289083e-05,7,0.0,350,23,4119b2f01222e6c67b3f7284708ca0cfa29d595311e7e808ee47e7bfa20b38ee,next_difference
FITS,-0.0003280254517639,-0.002094322780351,0.0009834600066889,16,0.3732,350,23,4119b2f01222e6c67b3f7284708ca0cfa29d595311e7e808ee47e7bfa20b38ee,next_difference
AnomalyTransformer,0.0005947502235853,-0.0004949306951054,0.0019086742809824,11,0.8347,350,23,4119b2f01222e6c67b3f7284708ca0cfa29d595311e7e808ee47e7bfa20b38ee,next_difference
SubPCA,0.0110609404623201,-0.0040606580464126,0.0291781131922217,12,0.9113,350,23,3235965dad04c9a7dfb789dc8fb6a4416878d838c8d6daf14f716d1586186033,centered_placement
POLY,0.000604513502711,-0.0022360674788358,0.0029271894469945,14,0.6895,350,23,3235965dad04c9a7dfb789dc8fb6a4416878d838c8d6daf14f716d1586186033,centered_placement
MOMENT_FT,-2.7500760199943987e-05,-0.000987653222294,0.0008103364622459,14,0.4831,350,23,3235965dad04c9a7dfb789dc8fb6a4416878d838c8d6daf14f716d1586186033,centered_placement
MOMENT_ZS,-7.145275307160599e-05,-0.0005391188032349,0.0003435032439768,14,0.3827,350,23,3235965dad04c9a7dfb789dc8fb6a4416878d838c8d6daf14f716d1586186033,centered_placement
M2N2,0.0111644089569823,-0.0013443667106726,0.0248325673107704,12,0.9546,350,23,3235965dad04c9a7dfb789dc8fb6a4416878d838c8d6daf14f716d1586186033,centered_placement
TranAD,0.002814739973292,-0.0048448282506746,0.0108834624469916,10,0.7506,350,23,3235965dad04c9a7dfb789dc8fb6a4416878d838c8d6daf14f716d1586186033,centered_placement
TimesNet,-0.0004778456531011,-0.0015221247072513,0.0001353275424848,16,0.1799,350,23,3235965dad04c9a7dfb789dc8fb6a4416878d838c8d6daf14f716d1586186033,centered_placement
FITS,-0.0003558733444999,-0.0023745295903846,0.001091757973189,16,0.3809,350,23,3235965dad04c9a7dfb789dc8fb6a4416878d838c8d6daf14f716d1586186033,centered_placement
AnomalyTransformer,0.0004155666584939,-0.0007143332508792,0.0017754575363284,11,0.7314,350,23,3235965dad04c9a7dfb789dc8fb6a4416878d838c8d6daf14f716d1586186033,centered_placement
SubPCA,0.0112918902370587,-0.0038387889649211,0.0292348942617819,12,0.9165,350,23,54981ccbc997b180041f49e8f754988f4b42c421f1fca4564603f27267a5fdf7,absolute_difference
POLY,0.0006156567367842,-0.002428372151619,0.003050377089445,14,0.6842,350,23,54981ccbc997b180041f49e8f754988f4b42c421f1fca4564603f27267a5fdf7,absolute_difference
MOMENT_FT,-2.2278458020659142e-05,-0.0010111866843056,0.000817640816249,14,0.4937,350,23,54981ccbc997b180041f49e8f754988f4b42c421f1fca4564603f27267a5fdf7,absolute_difference
MOMENT_ZS,-8.346756991027095e-05,-0.0005744955156959,0.0003468688346858,14,0.367,350,23,54981ccbc997b180041f49e8f754988f4b42c421f1fca4564603f27267a5fdf7,absolute_difference
M2N2,0.0112138046597095,-0.0012952735777238,0.0249847764436649,12,0.9553,350,23,54981ccbc997b180041f49e8f754988f4b42c421f1fca4564603f27267a5fdf7,absolute_difference
TranAD,0.0028738608688853,-0.0046773906656008,0.0108422378505089,10,0.7584,350,23,54981ccbc997b180041f49e8f754988f4b42c421f1fca4564603f27267a5fdf7,absolute_difference
TimesNet,-0.0003432359352028,-0.0011174799067365,0.00011332922222,15,0.1972,350,23,54981ccbc997b180041f49e8f754988f4b42c421f1fca4564603f27267a5fdf7,absolute_difference
FITS,-0.0002914279626706,-0.0022042687672759,0.0011131512220812,16,0.4022,350,23,54981ccbc997b180041f49e8f754988f4b42c421f1fca4564603f27267a5fdf7,absolute_difference
AnomalyTransformer,0.0004463093094358,-0.0006778788684619,0.0018012634667506,11,0.7506,350,23,54981ccbc997b180041f49e8f754988f4b42c421f1fca4564603f27267a5fdf7,absolute_difference
SubPCA,0.0111821932349892,-0.0039026317641928,0.029199978830524,13,0.9151,350,23,1eca74f12cc48b8bac6e476ee43a9275a9ce8f0f65d47f9b9a8775d158324ad5,mad
POLY,0.0005612216099008,-0.0024517680557893,0.0029633049900367,15,0.6738,350,23,1eca74f12cc48b8bac6e476ee43a9275a9ce8f0f65d47f9b9a8775d158324ad5,mad
MOMENT_FT,-5.23837397478111e-06,-0.001002584881937,0.0008340769376952,14,0.5093,350,23,1eca74f12cc48b8bac6e476ee43a9275a9ce8f0f65d47f9b9a8775d158324ad5,mad
MOMENT_ZS,-9.573859101291306e-05,-0.0006095832185717,0.0003456782272986,14,0.3525,350,23,1eca74f12cc48b8bac6e476ee43a9275a9ce8f0f65d47f9b9a8775d158324ad5,mad
M2N2,0.0110653986363,-0.0016565323237749,0.0249870178413118,13,0.9499,350,23,1eca74f12cc48b8bac6e476ee43a9275a9ce8f0f65d47f9b9a8775d158324ad5,mad
TranAD,0.0026290005993666,-0.0049536586962798,0.0105004385750234,12,0.7386,350,23,1eca74f12cc48b8bac6e476ee43a9275a9ce8f0f65d47f9b9a8775d158324ad5,mad
TimesNet,-0.0003423864775868,-0.0010585206504758,8.301479244961044e-05,15,0.1487,350,23,1eca74f12cc48b8bac6e476ee43a9275a9ce8f0f65d47f9b9a8775d158324ad5,mad
FITS,-0.0002875760826139,-0.0022254428373326,0.0011233149750504,16,0.405,350,23,1eca74f12cc48b8bac6e476ee43a9275a9ce8f0f65d47f9b9a8775d158324ad5,mad
AnomalyTransformer,0.0004150058422641,-0.0006991851193971,0.0017402625098197,11,0.7374,350,23,1eca74f12cc48b8bac6e476ee43a9275a9ce8f0f65d47f9b9a8775d158324ad5,mad
SubPCA,0.0111389210111355,-0.0044481060732917,0.0299764152330607,12,0.9045,350,23,0409299c3a157effeafd7dab359cd7eca468e1bcec6e06cbcfa3c0ac8842b34a,spectral_entropy
POLY,0.0006371047480955,-0.0021263639921193,0.0029526716171715,15,0.6994,350,23,0409299c3a157effeafd7dab359cd7eca468e1bcec6e06cbcfa3c0ac8842b34a,spectral_entropy
MOMENT_FT,4.529267645435472e-05,-0.000898409173626,0.0008817972502234,14,0.543,350,23,0409299c3a157effeafd7dab359cd7eca468e1bcec6e06cbcfa3c0ac8842b34a,spectral_entropy
MOMENT_ZS,1.7331906468776143e-05,-0.0005159755156637,0.0004893569127003,13,0.5292,350,23,0409299c3a157effeafd7dab359cd7eca468e1bcec6e06cbcfa3c0ac8842b34a,spectral_entropy
M2N2,0.0113290094284861,-0.0014371877592164,0.0253747504083889,12,0.9548,350,23,0409299c3a157effeafd7dab359cd7eca468e1bcec6e06cbcfa3c0ac8842b34a,spectral_entropy
TranAD,0.0028393801309938,-0.0049723452335472,0.0109970392343029,10,0.7483,350,23,0409299c3a157effeafd7dab359cd7eca468e1bcec6e06cbcfa3c0ac8842b34a,spectral_entropy
TimesNet,-0.0002254354451384,-0.0007702943611484,0.0001482113601521,14,0.1872,350,23,0409299c3a157effeafd7dab359cd7eca468e1bcec6e06cbcfa3c0ac8842b34a,spectral_entropy
FITS,-0.0002139730098143,-0.0019695536109255,0.001139227387234,16,0.4283,350,23,0409299c3a157effeafd7dab359cd7eca468e1bcec6e06cbcfa3c0ac8842b34a,spectral_entropy
AnomalyTransformer,0.0003883552067343,-0.0006836756262986,0.0016445926782817,10,0.7332,350,23,0409299c3a157effeafd7dab359cd7eca468e1bcec6e06cbcfa3c0ac8842b34a,spectral_entropy
