detector,symmetric_rank_CDU,symmetric_rank_CDU_CI_low,symmetric_rank_CDU_CI_high,symmetric_rank_positive_sources,n_series,predicted_VUS_series_macro,residual_VUS_series_macro,predicted_VUS_source_macro,residual_VUS_source_macro,source_macro_R2,source_macro_Spearman,source_macro_MSE,n_sources,finite_R2_series,finite_Spearman_series,Raw_VUS,Source_macro_Raw_VUS,legacy_basis_Fast_CDU,symmetric_CDU_rank,raw_rank
SubPCA,0.0112496007665104,-0.0041538403401568,0.0293952011894413,13,350,0.2680882569242249,0.2055852396601796,0.3304059981729836,0.2535569367365898,0.1894381846705144,0.4569982482619595,0.0654594491359706,23,350,350,0.4224126371488779,0.4404066066182971,0.011222400573181,1,1
POLY,0.0005637371876795,-0.0021844480337992,0.0027348430389997,15,350,0.3620377442374651,0.1259544163029523,0.3933498298459612,0.1900486335170264,0.346376689645328,0.5786128870109372,0.0542279665853229,23,350,350,0.3892705890960274,0.4081938778499228,0.0006282363360729,4,2
MOMENT_FT,-6.330514598109014e-05,-0.0012413860367635,0.0008972518361498,14,350,0.3420900051012297,0.1045768437366789,0.3732512202684095,0.1669509619107716,0.7993484906806221,0.8946787835520424,0.0167209352845463,23,350,350,0.3864086328796784,0.4063842010336815,-7.020255250810427e-05,6,3
MOMENT_ZS,-6.665919955651171e-05,-0.0006205737499977,0.0004132794080768,14,350,0.3309872288151113,0.1109707579655439,0.3683513970021287,0.1682684556888805,0.904414914249999,0.95065969153411,0.0079654038923179,23,350,350,0.3832290127657773,0.4029452407464768,-7.530061560457857e-05,7,4
M2N2,0.011035243244179,-0.0019190187910919,0.0250797868852392,11,350,0.1975443141922764,0.1810821813873981,0.2548410323506614,0.2402931400661792,0.0541274580719748,0.2168012076382877,0.0788221979695019,23,350,350,0.2870471521895624,0.3439601601340245,0.0110197743503961,2,5
TranAD,0.0026085586041769,-0.0050991715963432,0.0105229256836631,10,350,0.120010105770423,0.205612816340378,0.1877988459905296,0.2600900214114204,-0.0017866292359686,0.0815206768478662,0.0811264255101779,23,350,350,0.2754033860175904,0.3148383015256817,0.0027485079513317,3,6
TimesNet,-0.0003980652685114,-0.0009591503712756,-8.082204431362217e-05,1,350,0.2176965728699951,0.099472251597077,0.2727417716937605,0.1630263259628185,0.2314866337678891,0.6046836678005916,0.0508575234127326,23,350,350,0.2627459748908764,0.2976751569454225,-0.0003654315073031,8,7
FITS,-0.000473114880302,-0.0022518883853665,0.0006830743741887,16,350,0.264530764097999,0.115357846245555,0.3177422862519862,0.1849170473276972,0.0127036299836387,0.3390340565541102,0.0729867286264318,23,350,350,0.2463691754893443,0.2920350408244971,-0.0003661426921295,9,8
AnomalyTransformer,0.0004369566556947,-0.0005487822763255,0.0015753943789476,11,350,0.1129803047701558,0.1135098489013297,0.1932484391568152,0.1680995085555886,-0.0840800051663951,0.054528512902779,0.0328385795140125,23,348,348,0.1117688782271485,0.169490910778121,0.0004685625024883,5,9
