detector,mean,sd,minimum,maximum,positive_seeds,ci_positive_seeds
SubPCA,0.01504749454615946,7.545198670504904e-05,0.0149318083671701,0.0151049033031315,5,5
POLY,0.00619620140879148,0.00013361142098773876,0.0060399315393557,0.0063433662448333,5,5
MOMENT_FT,0.0008939516637533399,7.780733108154556e-05,0.0008182611369076,0.0009898828654713,5,0
MOMENT_ZS,0.00013632465089645618,5.9418674927731345e-05,7.414174644538085e-05,0.0002102381124212,5,0
M2N2,0.01272164759106158,5.3330272193747704e-05,0.0126457373938631,0.0127838292402604,5,5
TranAD,0.0047491759436934,8.846201144338999e-05,0.0046753075149159,0.0048469550171401,5,0
TimesNet,0.00125007650670786,6.739137561918616e-05,0.0011476345247827,0.001326505276251,5,1
FITS,0.00109622002145778,5.923924602365459e-05,0.001010355995551,0.0011636137885075,5,0
AnomalyTransformer,0.00016352663720348002,4.151148679195906e-05,0.0001184020928014,0.0002181113609646,5,0
