detector,CDU,CDU_CI_low,CDU_CI_high,positive_sources,bootstrap_prob_source_macro_positive,n_series,n_sources,signature,experiment,variant,CDU_rank
SubPCA,0.0111792212310662,-0.0021185230052752,0.0243354519146894,15,0.95,350,23,157baf6079876c6810650d97abe3c1f9c4ba9580306a89fa0fe028803aa5e744,normalization,minmax,2
POLY,-0.0029515479620462,-0.0128930807045066,0.0046080702948103,12,0.271,350,23,157baf6079876c6810650d97abe3c1f9c4ba9580306a89fa0fe028803aa5e744,normalization,minmax,9
MOMENT_FT,-0.0008258481502161,-0.0072186506700982,0.0048165068225377,12,0.3924,350,23,157baf6079876c6810650d97abe3c1f9c4ba9580306a89fa0fe028803aa5e744,normalization,minmax,7
MOMENT_ZS,-0.0021424096344453,-0.0063079903585038,0.0017546473783207,12,0.1456,350,23,157baf6079876c6810650d97abe3c1f9c4ba9580306a89fa0fe028803aa5e744,normalization,minmax,8
M2N2,0.0180884508772509,-0.0033061944926039,0.0438891220194388,14,0.9428,350,23,157baf6079876c6810650d97abe3c1f9c4ba9580306a89fa0fe028803aa5e744,normalization,minmax,1
TranAD,0.0023263162315623,-0.0053549367918735,0.0097807419999954,13,0.7256,350,23,157baf6079876c6810650d97abe3c1f9c4ba9580306a89fa0fe028803aa5e744,normalization,minmax,3
TimesNet,-0.0003951333178261,-0.0011794524336781,0.0005621816189888,8,0.1913,350,23,157baf6079876c6810650d97abe3c1f9c4ba9580306a89fa0fe028803aa5e744,normalization,minmax,6
FITS,-0.0002712496324262,-0.0018016328131927,0.0011371753840422,15,0.3667,350,23,157baf6079876c6810650d97abe3c1f9c4ba9580306a89fa0fe028803aa5e744,normalization,minmax,5
AnomalyTransformer,-8.392705505499051e-05,-0.0006723290781851,0.0004985637370286,11,0.3868,350,23,157baf6079876c6810650d97abe3c1f9c4ba9580306a89fa0fe028803aa5e744,normalization,minmax,4
SubPCA,0.0225589689576526,0.0066927129148977,0.0403281929816866,16,0.9987,350,23,290776667a276be3223930e49a234b0e50ac61bdcdb1b6ba71bce1327608c731,normalization,zscore_cdf,1
POLY,0.0083347405014563,0.0020584718483395,0.0148039652361275,15,0.997,350,23,290776667a276be3223930e49a234b0e50ac61bdcdb1b6ba71bce1327608c731,normalization,zscore_cdf,3
MOMENT_FT,0.0010637047585963,-0.0103694165161062,0.0098942487089538,16,0.6056,350,23,290776667a276be3223930e49a234b0e50ac61bdcdb1b6ba71bce1327608c731,normalization,zscore_cdf,5
MOMENT_ZS,-0.0011341671306992,-0.0143941235514339,0.0085888513743041,14,0.4581,350,23,290776667a276be3223930e49a234b0e50ac61bdcdb1b6ba71bce1327608c731,normalization,zscore_cdf,9
M2N2,0.0150722593529042,-0.0018495322172067,0.0343747539496106,13,0.9576,350,23,290776667a276be3223930e49a234b0e50ac61bdcdb1b6ba71bce1327608c731,normalization,zscore_cdf,2
TranAD,0.0025838299002392,-0.0045584209758373,0.0107035564691553,11,0.7365,350,23,290776667a276be3223930e49a234b0e50ac61bdcdb1b6ba71bce1327608c731,normalization,zscore_cdf,4
TimesNet,0.000242733178049,-0.0039083604249118,0.0038805515866136,13,0.564,350,23,290776667a276be3223930e49a234b0e50ac61bdcdb1b6ba71bce1327608c731,normalization,zscore_cdf,7
FITS,0.0007476993911418,-0.0014237364554173,0.0029318776469496,15,0.7467,350,23,290776667a276be3223930e49a234b0e50ac61bdcdb1b6ba71bce1327608c731,normalization,zscore_cdf,6
AnomalyTransformer,-0.0006733066029286,-0.0014215714358054,-3.286535266001192e-05,8,0.0189,350,23,290776667a276be3223930e49a234b0e50ac61bdcdb1b6ba71bce1327608c731,normalization,zscore_cdf,8
SubPCA,0.0135394084703502,-0.000805602629026,0.0306462597290868,12,0.967,350,23,90ac6b3a33fefd070cbeae354a1cd17a8a4ada0b876946ea64bd8c47664fd30c,strength,variance,2
POLY,0.006249566898605,0.0022492559136574,0.0102380309291916,17,0.9992,350,23,90ac6b3a33fefd070cbeae354a1cd17a8a4ada0b876946ea64bd8c47664fd30c,strength,variance,4
MOMENT_FT,0.0007063735311596,-0.0002969031482742,0.0017120287619169,13,0.9177,350,23,90ac6b3a33fefd070cbeae354a1cd17a8a4ada0b876946ea64bd8c47664fd30c,strength,variance,7
MOMENT_ZS,-6.314469274911749e-05,-0.0007843776946103,0.0005311190858252,12,0.451,350,23,90ac6b3a33fefd070cbeae354a1cd17a8a4ada0b876946ea64bd8c47664fd30c,strength,variance,8
M2N2,0.0164477919839057,-0.0023697702214636,0.0382161142224726,11,0.9509,350,23,90ac6b3a33fefd070cbeae354a1cd17a8a4ada0b876946ea64bd8c47664fd30c,strength,variance,1
TranAD,0.0064220950093285,-0.001788820083071,0.0164079881061028,10,0.9286,350,23,90ac6b3a33fefd070cbeae354a1cd17a8a4ada0b876946ea64bd8c47664fd30c,strength,variance,3
TimesNet,0.0012500046246251,-0.0003961889517961,0.0032246561719136,12,0.9142,350,23,90ac6b3a33fefd070cbeae354a1cd17a8a4ada0b876946ea64bd8c47664fd30c,strength,variance,6
FITS,0.0014102426824712,-4.372467662928754e-05,0.0028750382267524,14,0.973,350,23,90ac6b3a33fefd070cbeae354a1cd17a8a4ada0b876946ea64bd8c47664fd30c,strength,variance,5
AnomalyTransformer,-8.694555169430652e-05,-0.0015715780951436,0.0014451082118022,10,0.4516,350,23,90ac6b3a33fefd070cbeae354a1cd17a8a4ada0b876946ea64bd8c47664fd30c,strength,variance,9
SubPCA,0.0133193470535623,-0.0001594806046585,0.0292967912484899,12,0.9731,350,23,35b52fabf9d883263362f24b0fee74ac733658d194661fd89c9796a020afd949,strength,variance_range,2
POLY,0.0058260989365043,0.0023429388726847,0.0094393184654331,15,1.0,350,23,35b52fabf9d883263362f24b0fee74ac733658d194661fd89c9796a020afd949,strength,variance_range,4
MOMENT_FT,0.0006581963164294,-0.0002642891817308,0.0015770140940712,14,0.9196,350,23,35b52fabf9d883263362f24b0fee74ac733658d194661fd89c9796a020afd949,strength,variance_range,7
MOMENT_ZS,5.066715331491231e-05,-0.0006150983467862,0.0006630475432867,10,0.5696,350,23,35b52fabf9d883263362f24b0fee74ac733658d194661fd89c9796a020afd949,strength,variance_range,8
M2N2,0.0159363626900313,-0.0024733583208774,0.0372110696861052,10,0.9498,350,23,35b52fabf9d883263362f24b0fee74ac733658d194661fd89c9796a020afd949,strength,variance_range,1
TranAD,0.0062603606489532,-0.0012471311875274,0.0154633801189524,11,0.9424,350,23,35b52fabf9d883263362f24b0fee74ac733658d194661fd89c9796a020afd949,strength,variance_range,3
TimesNet,0.0013819079697182,-0.0002796958685002,0.0034140399260291,12,0.9368,350,23,35b52fabf9d883263362f24b0fee74ac733658d194661fd89c9796a020afd949,strength,variance_range,5
FITS,0.0011944222357891,-0.0001068683101772,0.0025031623670609,15,0.9639,350,23,35b52fabf9d883263362f24b0fee74ac733658d194661fd89c9796a020afd949,strength,variance_range,6
AnomalyTransformer,-8.31352034427296e-05,-0.001663381175535,0.0015221616715058,10,0.456,350,23,35b52fabf9d883263362f24b0fee74ac733658d194661fd89c9796a020afd949,strength,variance_range,9
SubPCA,0.0148481990078093,0.0014265802152609,0.0303357322568864,15,0.9859,350,23,e6049e4d9e8c739c692b7fae27e0f449cb1690cf9692b333a2056aa184fa3d70,strength,local_deviation,1
POLY,0.006146200504751,0.0025205221630787,0.009850592890985,16,1.0,350,23,e6049e4d9e8c739c692b7fae27e0f449cb1690cf9692b333a2056aa184fa3d70,strength,local_deviation,3
MOMENT_FT,0.0009158939894223,-0.0001712462211483,0.0020141720500101,13,0.9495,350,23,e6049e4d9e8c739c692b7fae27e0f449cb1690cf9692b333a2056aa184fa3d70,strength,local_deviation,7
MOMENT_ZS,7.204819467390613e-05,-0.0007688389969115,0.0008902189835636,6,0.5647,350,23,e6049e4d9e8c739c692b7fae27e0f449cb1690cf9692b333a2056aa184fa3d70,strength,local_deviation,9
M2N2,0.012353177016754,0.0001010118398306,0.0260349204547124,12,0.976,350,23,e6049e4d9e8c739c692b7fae27e0f449cb1690cf9692b333a2056aa184fa3d70,strength,local_deviation,2
TranAD,0.0048750361835166,-0.0022600179806209,0.0134682728111631,12,0.8948,350,23,e6049e4d9e8c739c692b7fae27e0f449cb1690cf9692b333a2056aa184fa3d70,strength,local_deviation,4
TimesNet,0.0013789817673018,-0.0001165920530926,0.0031647735271546,12,0.9627,350,23,e6049e4d9e8c739c692b7fae27e0f449cb1690cf9692b333a2056aa184fa3d70,strength,local_deviation,5
FITS,0.0013080595579689,0.0001689530513739,0.0024632658956208,15,0.9881,350,23,e6049e4d9e8c739c692b7fae27e0f449cb1690cf9692b333a2056aa184fa3d70,strength,local_deviation,6
AnomalyTransformer,0.0001245630806142,-0.0013671695100841,0.0016971868086411,10,0.5541,350,23,e6049e4d9e8c739c692b7fae27e0f449cb1690cf9692b333a2056aa184fa3d70,strength,local_deviation,8
SubPCA,0.0151568937741679,0.001652215396828,0.0309168215261765,15,0.987,350,23,07aadee6fe51ce24c5b93ef997ab045b35f28c38ceba8da15c0cbc318576813f,strength,dispersion_change,1
POLY,0.0061479777465238,0.002401819487416,0.0099887033167237,16,0.9997,350,23,07aadee6fe51ce24c5b93ef997ab045b35f28c38ceba8da15c0cbc318576813f,strength,dispersion_change,3
MOMENT_FT,0.0009319109482224,-0.0001292375386451,0.0020064971747521,13,0.9559,350,23,07aadee6fe51ce24c5b93ef997ab045b35f28c38ceba8da15c0cbc318576813f,strength,dispersion_change,7
MOMENT_ZS,8.701364469491939e-05,-0.0007354975325198,0.0009087114119417,7,0.5769,350,23,07aadee6fe51ce24c5b93ef997ab045b35f28c38ceba8da15c0cbc318576813f,strength,dispersion_change,9
M2N2,0.0125720354390946,0.0002760553927331,0.0265145723468025,12,0.9773,350,23,07aadee6fe51ce24c5b93ef997ab045b35f28c38ceba8da15c0cbc318576813f,strength,dispersion_change,2
TranAD,0.0048438672329501,-0.0021501654633197,0.0134117742687005,12,0.8954,350,23,07aadee6fe51ce24c5b93ef997ab045b35f28c38ceba8da15c0cbc318576813f,strength,dispersion_change,4
TimesNet,0.0014034326040574,-0.000109928308295,0.0032186842690935,13,0.9632,350,23,07aadee6fe51ce24c5b93ef997ab045b35f28c38ceba8da15c0cbc318576813f,strength,dispersion_change,5
FITS,0.0012347926091623,9.026035251597026e-05,0.0024009285062849,15,0.9835,350,23,07aadee6fe51ce24c5b93ef997ab045b35f28c38ceba8da15c0cbc318576813f,strength,dispersion_change,6
AnomalyTransformer,0.0001307808868166,-0.0013753455535402,0.0017052437817706,10,0.5577,350,23,07aadee6fe51ce24c5b93ef997ab045b35f28c38ceba8da15c0cbc318576813f,strength,dispersion_change,8
