detector,table_detector,series_id,hp,selected_window,seed,repo_commit,score_hash_run1,score_hash_run2,hash_match,score_length,score_length_match,finite_ratio,finite_ratio_run2,pinned_vus,local_vus,local_vus_abs_diff,historical_vus,historical_vus_abs_diff,status,runtime_sec,error
Sub_IForest,Sub-IForest,001_NAB_id_1_Facility_tr_1007_1st_2014.csv,"{'periodicity': 1, 'n_estimators': 150}",6.0,2024,8b363e350ae047a8115a594d1e9da64aae09b852,0821475de71ce725a298384d642bbf83786e14c036dc7e20d4a4754e7297821a,0821475de71ce725a298384d642bbf83786e14c036dc7e20d4a4754e7297821a,True,4031,True,1.0,1.0,0.1460341519619274,0.1460341519619274,0.0,0.0856062745908864,0.060427877371040994,PASS,0.9126086235046387,
Sub_IForest,Sub-IForest,039_WSD_id_11_WebService_tr_1746_1st_1846.csv,"{'periodicity': 1, 'n_estimators': 150}",125.0,2024,8b363e350ae047a8115a594d1e9da64aae09b852,cfe04fc7e50d6765699d4eee9709476d98cae5016f20d75189adbb487bea0a1c,cfe04fc7e50d6765699d4eee9709476d98cae5016f20d75189adbb487bea0a1c,True,18219,True,1.0,1.0,0.036377356541230116,0.036377356541230116,0.0,0.010290525275046,0.026086831266184114,PASS,5.249117612838745,
Sub_IForest,Sub-IForest,141_MSL_id_2_Sensor_tr_500_1st_550.csv,"{'periodicity': 1, 'n_estimators': 150}",264.0,2024,8b363e350ae047a8115a594d1e9da64aae09b852,cbea2ea45158bc1b61a2118a37c0db443fd103f795ae6112e1c76866b1bf83c0,cbea2ea45158bc1b61a2118a37c0db443fd103f795ae6112e1c76866b1bf83c0,True,2264,True,1.0,1.0,0.48456717885640677,0.48456717885640677,0.0,0.205686512336601,0.27888066651980575,PASS,4.141841650009155,
Sub_IForest,Sub-IForest,179_SMD_id_2_Facility_tr_5925_1st_17580.csv,"{'periodicity': 1, 'n_estimators': 150}",125.0,2024,8b363e350ae047a8115a594d1e9da64aae09b852,6ccde2d7db7b641a19f3642a0b5d8138b2a0dffc34f8a8ec4474a4335339a474,6ccde2d7db7b641a19f3642a0b5d8138b2a0dffc34f8a8ec4474a4335339a474,True,23703,True,1.0,1.0,0.017750693864936055,0.017750693864936055,0.0,0.145990590482408,0.12823989661747195,PASS,2.793337345123291,
IForest,IForest,001_NAB_id_1_Facility_tr_1007_1st_2014.csv,{'n_estimators': 200},6.0,2024,8b363e350ae047a8115a594d1e9da64aae09b852,439e390bfe48cad1703177de6ba305d76a0d56a0524e689a36015a9e9f05ce10,439e390bfe48cad1703177de6ba305d76a0d56a0524e689a36015a9e9f05ce10,True,4031,True,1.0,1.0,0.15494537257557184,0.15494537257557184,0.0,0.135409459457928,0.019535913117643827,PASS,0.8434083461761475,
IForest,IForest,039_WSD_id_11_WebService_tr_1746_1st_1846.csv,{'n_estimators': 200},125.0,2024,8b363e350ae047a8115a594d1e9da64aae09b852,c61612fb9660a06b3c1001775e04c7f47b5594ea004c29b1cc4fd0730518b5a0,c61612fb9660a06b3c1001775e04c7f47b5594ea004c29b1cc4fd0730518b5a0,True,18219,True,1.0,1.0,0.042694036406416426,0.042694036406416426,0.0,0.268673427372189,0.2259793909657726,PASS,5.609528541564941,
IForest,IForest,141_MSL_id_2_Sensor_tr_500_1st_550.csv,{'n_estimators': 200},264.0,2024,8b363e350ae047a8115a594d1e9da64aae09b852,93dfb1237ab537e222e6b09e2d7e05a1efc98bbbbb2ca395c18ff7c4d9f372b2,93dfb1237ab537e222e6b09e2d7e05a1efc98bbbbb2ca395c18ff7c4d9f372b2,True,2264,True,1.0,1.0,0.4334030771572814,0.4334030771572814,0.0,0.332713942930002,0.10068913422727938,PASS,4.279478311538696,
IForest,IForest,179_SMD_id_2_Facility_tr_5925_1st_17580.csv,{'n_estimators': 200},125.0,2024,8b363e350ae047a8115a594d1e9da64aae09b852,9826d1b2f05ed097315336b1dd0b564a45557555b9f669c85deca07746a7d97c,9826d1b2f05ed097315336b1dd0b564a45557555b9f669c85deca07746a7d97c,True,23703,True,1.0,1.0,0.019215697685266233,0.019215697685266233,0.0,0.0296882894832934,0.010472591798027168,PASS,3.1936910152435303,
Sub_LOF,Sub-LOF,001_NAB_id_1_Facility_tr_1007_1st_2014.csv,"{'periodicity': 2, 'n_neighbors': 30}",6.0,2024,8b363e350ae047a8115a594d1e9da64aae09b852,426bc435b42145afb7ce35a7ee969c096a705fd663edb9f9731be110edd91644,426bc435b42145afb7ce35a7ee969c096a705fd663edb9f9731be110edd91644,True,4031,True,1.0,1.0,0.25480538668594804,0.25480538668594804,0.0,0.140321331101204,0.11448405558474403,PASS,0.7896199226379395,
Sub_LOF,Sub-LOF,039_WSD_id_11_WebService_tr_1746_1st_1846.csv,"{'periodicity': 2, 'n_neighbors': 30}",125.0,2024,8b363e350ae047a8115a594d1e9da64aae09b852,588d12b5b5cd32218b62416da95d1e68572e74655e4d5ff5b5fe618f4cb5a179,588d12b5b5cd32218b62416da95d1e68572e74655e4d5ff5b5fe618f4cb5a179,True,18219,True,1.0,1.0,0.8582641418428805,0.8582641418428805,0.0,0.0149484718598108,0.8433156699830696,PASS,8.594499588012695,
Sub_LOF,Sub-LOF,141_MSL_id_2_Sensor_tr_500_1st_550.csv,"{'periodicity': 2, 'n_neighbors': 30}",264.0,2024,8b363e350ae047a8115a594d1e9da64aae09b852,13c9361e7e2780c681fd8ac9dcf9f151e3bf99f8638b30266aab8150ed163eea,13c9361e7e2780c681fd8ac9dcf9f151e3bf99f8638b30266aab8150ed163eea,True,2264,True,1.0,1.0,0.6809829834078494,0.6809829834078494,0.0,0.565851771206375,0.11513121220147438,PASS,5.081780910491943,
Sub_LOF,Sub-LOF,179_SMD_id_2_Facility_tr_5925_1st_17580.csv,"{'periodicity': 2, 'n_neighbors': 30}",125.0,2024,8b363e350ae047a8115a594d1e9da64aae09b852,572241832f571d145b9423dd21d3e63fa55cad4712cb0bd4eba451a72c5c6d7c,572241832f571d145b9423dd21d3e63fa55cad4712cb0bd4eba451a72c5c6d7c,True,23703,True,1.0,1.0,0.9525777249515346,0.9525777249515346,0.0,0.0059803921447027,0.9465973328068319,PASS,2.90716290473938,
LOF,LOF,001_NAB_id_1_Facility_tr_1007_1st_2014.csv,{'n_neighbors': 50},6.0,2024,8b363e350ae047a8115a594d1e9da64aae09b852,78866f462d97c64c3b83d90725ce463e74ebc19f6a795463ceb6c3f1aabd5c84,78866f462d97c64c3b83d90725ce463e74ebc19f6a795463ceb6c3f1aabd5c84,True,4031,True,1.0,1.0,0.1387761936524937,0.1387761936524937,0.0,0.138738926487346,3.72671651476808e-05,PASS,0.18506240844726562,
LOF,LOF,039_WSD_id_11_WebService_tr_1746_1st_1846.csv,{'n_neighbors': 50},125.0,2024,8b363e350ae047a8115a594d1e9da64aae09b852,24d3f7a4fdd24ecb2a6e31f7bb8f625b1f599836aa1f65b169c187ab500a67bc,24d3f7a4fdd24ecb2a6e31f7bb8f625b1f599836aa1f65b169c187ab500a67bc,True,18219,True,1.0,1.0,0.23909221611895806,0.23909221611895806,0.0,0.239465639692308,0.0003734235733499347,PASS,4.977591037750244,
LOF,LOF,141_MSL_id_2_Sensor_tr_500_1st_550.csv,{'n_neighbors': 50},264.0,2024,8b363e350ae047a8115a594d1e9da64aae09b852,3a51f0f8bad9301945885a67f8fe5aa3d705737be70facd86df4f048720586da,3a51f0f8bad9301945885a67f8fe5aa3d705737be70facd86df4f048720586da,True,2264,True,1.0,1.0,0.29205229410516464,0.29205229410516464,0.0,0.291810090570714,0.0002422035344506468,PASS,3.805082082748413,
LOF,LOF,179_SMD_id_2_Facility_tr_5925_1st_17580.csv,{'n_neighbors': 50},125.0,2024,8b363e350ae047a8115a594d1e9da64aae09b852,eb071aeff2e6e4ffdee3a7ad5c74359852485c59f3f2f806727eb5eea3216ebc,eb071aeff2e6e4ffdee3a7ad5c74359852485c59f3f2f806727eb5eea3216ebc,True,23703,True,1.0,1.0,0.014399690490663876,0.014399690490663876,0.0,0.0145817562703149,0.00018206577965102465,PASS,1.8175420761108398,
MatrixProfile,MatrixProfile,001_NAB_id_1_Facility_tr_1007_1st_2014.csv,{'periodicity': 1},6.0,2024,8b363e350ae047a8115a594d1e9da64aae09b852,ed7a38e2dcd4a64ab6c1d962b1e87d88e7dfc02411da56387ae275a5f81a9ebb,ed7a38e2dcd4a64ab6c1d962b1e87d88e7dfc02411da56387ae275a5f81a9ebb,True,4031,True,1.0,1.0,0.09396621306172089,0.09396621306172089,0.0,0.0939662130617208,8.326672684688674e-17,PASS,27.297792673110962,
MatrixProfile,MatrixProfile,039_WSD_id_11_WebService_tr_1746_1st_1846.csv,{'periodicity': 1},125.0,2024,8b363e350ae047a8115a594d1e9da64aae09b852,42d64e79bc880e598f3d1d1006d31c9340f446cc1d5054360f8c729c0a51d001,42d64e79bc880e598f3d1d1006d31c9340f446cc1d5054360f8c729c0a51d001,True,18219,True,1.0,1.0,0.006637728773615001,0.006637728773615001,0.0,0.006637728773615,8.673617379884035e-19,PASS,5.0875701904296875,
MatrixProfile,MatrixProfile,141_MSL_id_2_Sensor_tr_500_1st_550.csv,{'periodicity': 1},264.0,2024,8b363e350ae047a8115a594d1e9da64aae09b852,990befe62883494381e4bba7c773175f15ce393a5b264277e9b7c92aa31f0ff1,990befe62883494381e4bba7c773175f15ce393a5b264277e9b7c92aa31f0ff1,True,2264,True,1.0,1.0,0.4817764267246831,0.4817764267246831,0.0,0.481776426724683,1.1102230246251565e-16,PASS,3.9369711875915527,
MatrixProfile,MatrixProfile,179_SMD_id_2_Facility_tr_5925_1st_17580.csv,{'periodicity': 1},125.0,2024,8b363e350ae047a8115a594d1e9da64aae09b852,9869fbf352d782dabe2af772eba5adb3d05ccc7c376f031d6b9e639816b2c7bb,9869fbf352d782dabe2af772eba5adb3d05ccc7c376f031d6b9e639816b2c7bb,True,23703,True,1.0,1.0,0.0319262373137668,0.0319262373137668,0.0,0.0319262373137668,0.0,PASS,2.594604253768921,
Sub_HBOS,Sub-HBOS,001_NAB_id_1_Facility_tr_1007_1st_2014.csv,"{'periodicity': 1, 'n_bins': 10}",6.0,2024,8b363e350ae047a8115a594d1e9da64aae09b852,9a34f5f7439d4d4bf198cb2b060d52c70d4e4513cc29dab51fb09397c577e2c8,9a34f5f7439d4d4bf198cb2b060d52c70d4e4513cc29dab51fb09397c577e2c8,True,4031,True,1.0,1.0,0.11925684646912224,0.11925684646912224,0.0,0.08609099357614,0.03316585289298224,PASS,2.3531494140625,
Sub_HBOS,Sub-HBOS,039_WSD_id_11_WebService_tr_1746_1st_1846.csv,"{'periodicity': 1, 'n_bins': 10}",125.0,2024,8b363e350ae047a8115a594d1e9da64aae09b852,8299b513fda1adb3f37b1e088d22ae898129819221c09d52be4ca56a5adcd9bf,8299b513fda1adb3f37b1e088d22ae898129819221c09d52be4ca56a5adcd9bf,True,18219,True,1.0,1.0,0.06295030777469864,0.06295030777469864,0.0,0.0174354756265399,0.04551483214815874,PASS,4.788039445877075,
Sub_HBOS,Sub-HBOS,141_MSL_id_2_Sensor_tr_500_1st_550.csv,"{'periodicity': 1, 'n_bins': 10}",264.0,2024,8b363e350ae047a8115a594d1e9da64aae09b852,b33377d34d82b10eaea5a20f623f63f25ef1f0832ef039fd60f77510274b900b,b33377d34d82b10eaea5a20f623f63f25ef1f0832ef039fd60f77510274b900b,True,2264,True,1.0,1.0,0.2450987721892556,0.2450987721892556,0.0,0.169076133529843,0.07602263865941261,PASS,4.0141706466674805,
Sub_HBOS,Sub-HBOS,179_SMD_id_2_Facility_tr_5925_1st_17580.csv,"{'periodicity': 1, 'n_bins': 10}",125.0,2024,8b363e350ae047a8115a594d1e9da64aae09b852,8c4413c4701472b49683d10d354727af1b12b95a8b9ee18b80a64e32de306ded,8c4413c4701472b49683d10d354727af1b12b95a8b9ee18b80a64e32de306ded,True,23703,True,1.0,1.0,0.015595205519211907,0.015595205519211907,0.0,0.345198245397235,0.3296030398780231,PASS,2.0056681632995605,
Sub_KNN,Sub-KNN,001_NAB_id_1_Facility_tr_1007_1st_2014.csv,"{'periodicity': 2, 'n_neighbors': 50}",6.0,2024,8b363e350ae047a8115a594d1e9da64aae09b852,34c3029e3b80c02647edd263030ef8bb7e737d3526445796b515fb77a25768c4,34c3029e3b80c02647edd263030ef8bb7e737d3526445796b515fb77a25768c4,True,4031,True,1.0,1.0,0.24042225629176972,0.24042225629176972,0.0,0.135482347249915,0.10493990904185471,PASS,0.8981842994689941,
Sub_KNN,Sub-KNN,039_WSD_id_11_WebService_tr_1746_1st_1846.csv,"{'periodicity': 2, 'n_neighbors': 50}",125.0,2024,8b363e350ae047a8115a594d1e9da64aae09b852,00451b5149443e0aadc17794a7d4b67e0531a8abf7976404f987c8abc0c4c0ce,00451b5149443e0aadc17794a7d4b67e0531a8abf7976404f987c8abc0c4c0ce,True,18219,True,1.0,1.0,0.8947583435879048,0.8947583435879048,0.0,0.0137932116318119,0.8809651319560929,PASS,8.284374475479126,
Sub_KNN,Sub-KNN,141_MSL_id_2_Sensor_tr_500_1st_550.csv,"{'periodicity': 2, 'n_neighbors': 50}",264.0,2024,8b363e350ae047a8115a594d1e9da64aae09b852,1a222e82e37ea6964da6394dc762ca27e9d915a4d07dca8f05cf7f4135cc088c,1a222e82e37ea6964da6394dc762ca27e9d915a4d07dca8f05cf7f4135cc088c,True,2264,True,1.0,1.0,0.659061374848819,0.659061374848819,0.0,0.302214965988638,0.356846408860181,PASS,4.133406639099121,
Sub_KNN,Sub-KNN,179_SMD_id_2_Facility_tr_5925_1st_17580.csv,"{'periodicity': 2, 'n_neighbors': 50}",125.0,2024,8b363e350ae047a8115a594d1e9da64aae09b852,faf5599f78fb8f7b5a8f727af7880137bbca4719cef5a5246005490f00574240,faf5599f78fb8f7b5a8f727af7880137bbca4719cef5a5246005490f00574240,True,23703,True,1.0,1.0,0.9373431326314369,0.9373431326314369,0.0,0.0420442303213465,0.8952989023100903,PASS,3.1720783710479736,
KShapeAD,KShapeAD,001_NAB_id_1_Facility_tr_1007_1st_2014.csv,{'periodicity': 1},6.0,2024,8b363e350ae047a8115a594d1e9da64aae09b852,ec7149fbc11fbc83ae3705e231f99e38cceffc7c2dd824665a5683ede636225a,ec7149fbc11fbc83ae3705e231f99e38cceffc7c2dd824665a5683ede636225a,True,4031,True,1.0,1.0,0.10343866149615598,0.10343866149615598,0.0,0.0908610723637126,0.012577589132443376,PASS,29.986518144607544,
KShapeAD,KShapeAD,039_WSD_id_11_WebService_tr_1746_1st_1846.csv,{'periodicity': 1},125.0,2024,8b363e350ae047a8115a594d1e9da64aae09b852,617d75697aa0a3bacb52f9da844367b827a76ca99ae3e832735ab66de07af958,617d75697aa0a3bacb52f9da844367b827a76ca99ae3e832735ab66de07af958,True,18219,True,1.0,1.0,0.016105274515602497,0.016105274515602497,0.0,0.0161337174442332,2.8442928630703634e-05,PASS,21.210029363632202,
KShapeAD,KShapeAD,141_MSL_id_2_Sensor_tr_500_1st_550.csv,{'periodicity': 1},,2024,8b363e350ae047a8115a594d1e9da64aae09b852,e3b0c44298fc1c149afbf4c8996fb92427ae41e4649b934ca495991b7852b855,e3b0c44298fc1c149afbf4c8996fb92427ae41e4649b934ca495991b7852b855,True,0,False,0.0,0.0,,,,,,FAIL,0.005070686340332031,"ValueError('could not convert string to float: ""An error occurred while running the model \'run_KShapeAD\': Cannot take a larger sample than population when \'replace=False\'""')"
KShapeAD,KShapeAD,179_SMD_id_2_Facility_tr_5925_1st_17580.csv,{'periodicity': 1},125.0,2024,8b363e350ae047a8115a594d1e9da64aae09b852,c63b51d8e0d2a42e8809d54291f4a7ab3987932e37cd8da4b88eadce5515b2d4,c63b51d8e0d2a42e8809d54291f4a7ab3987932e37cd8da4b88eadce5515b2d4,True,23703,True,1.0,1.0,0.11475966553890543,0.11475966553890543,0.0,0.184453530490476,0.06969386495157057,PASS,37.45612645149231,
Series2Graph,Series2Graph,001_NAB_id_1_Facility_tr_1007_1st_2014.csv,{'periodicity': 1},,2024,8b363e350ae047a8115a594d1e9da64aae09b852,e3b0c44298fc1c149afbf4c8996fb92427ae41e4649b934ca495991b7852b855,e3b0c44298fc1c149afbf4c8996fb92427ae41e4649b934ca495991b7852b855,True,0,False,0.0,0.0,,,,,,FAIL,0.00452733039855957,"ValueError('could not convert string to float: ""An error occurred while running the model \'run_Series2Graph\': No module named \'TSB_AD.models.Series2Graph\'""')"
Series2Graph,Series2Graph,039_WSD_id_11_WebService_tr_1746_1st_1846.csv,{'periodicity': 1},,2024,8b363e350ae047a8115a594d1e9da64aae09b852,e3b0c44298fc1c149afbf4c8996fb92427ae41e4649b934ca495991b7852b855,e3b0c44298fc1c149afbf4c8996fb92427ae41e4649b934ca495991b7852b855,True,0,False,0.0,0.0,,,,,,FAIL,0.007522106170654297,"ValueError('could not convert string to float: ""An error occurred while running the model \'run_Series2Graph\': No module named \'TSB_AD.models.Series2Graph\'""')"
Series2Graph,Series2Graph,141_MSL_id_2_Sensor_tr_500_1st_550.csv,{'periodicity': 1},,2024,8b363e350ae047a8115a594d1e9da64aae09b852,e3b0c44298fc1c149afbf4c8996fb92427ae41e4649b934ca495991b7852b855,e3b0c44298fc1c149afbf4c8996fb92427ae41e4649b934ca495991b7852b855,True,0,False,0.0,0.0,,,,,,FAIL,0.004001617431640625,"ValueError('could not convert string to float: ""An error occurred while running the model \'run_Series2Graph\': No module named \'TSB_AD.models.Series2Graph\'""')"
Series2Graph,Series2Graph,179_SMD_id_2_Facility_tr_5925_1st_17580.csv,{'periodicity': 1},,2024,8b363e350ae047a8115a594d1e9da64aae09b852,e3b0c44298fc1c149afbf4c8996fb92427ae41e4649b934ca495991b7852b855,e3b0c44298fc1c149afbf4c8996fb92427ae41e4649b934ca495991b7852b855,True,0,False,0.0,0.0,,,,,,FAIL,0.01047515869140625,"ValueError('could not convert string to float: ""An error occurred while running the model \'run_Series2Graph\': No module named \'TSB_AD.models.Series2Graph\'""')"
