series_id,dataset_family,outer_fold,selected_basis_from_training_fold,heldout_basis_VUS,dataset_sha256
001_NAB_id_1_Facility_tr_1007_1st_2014.csv,NAB,0,Var-96,0.8108489636315479,e3e67660bbaa840ef24e70b38f0b384d41c7e2bce71bf0edbab65565a40a7584
002_NAB_id_2_WebService_tr_1500_1st_4106.csv,NAB,0,Var-96,0.4304978451568163,c7b3f7899e4d740bf3a8d726c1f776842e0ca9b83a41da1fb49cb2cb383f23d2
005_NAB_id_5_Traffic_tr_594_1st_1645.csv,NAB,0,Var-96,0.1477279057530559,e148525c109bdb5f21e9cb2063d95774dde8276a5aca321ebf0c68ea10e7a8a5
006_NAB_id_6_Traffic_tr_2579_1st_5839.csv,NAB,0,Var-96,0.0914151259297233,00438b9c44bef619489cbc26f8ecb5cf8e4a8e0be242c74a3f8d71b913cddfc6
008_NAB_id_8_Synthetic_tr_1007_1st_2734.csv,NAB,0,Var-96,0.8323557119570227,15c3ba9c13c812ac89aed5af5498725db2c7e1343404d18a18744b1d37bd53bf
009_NAB_id_9_Traffic_tr_500_1st_438.csv,NAB,0,Var-96,0.2485665028887292,65730f8beb03865bc0a69ff4209649fe5387b3f057a87f09a70379969c930ebe
010_NAB_id_10_WebService_tr_500_1st_271.csv,NAB,0,Var-96,0.8574402228775063,af6be1972ec7cf6b33d267f7f96e38e9781fce87917c461870a1ff83dcd12c3f
011_NAB_id_11_Facility_tr_1007_1st_1526.csv,NAB,0,Var-96,0.819746860646268,6c0b9d9ca9196d4c392b74bd46eb20166b9c321fd0e2689733c28be6d21fc595
013_NAB_id_13_Traffic_tr_623_1st_2084.csv,NAB,0,Var-96,0.9192995386770988,92d55d1a37735b363e7d4dd37c00c5d36723db77d0f665ae99931078b4c45948
014_NAB_id_14_WebService_tr_500_1st_1045.csv,NAB,0,Var-96,0.6837480950134441,f60ad21655a727f5f20477d0c92bdd281c810a6ffdf3d872e8690fe00887844f
015_NAB_id_15_Synthetic_tr_1007_1st_2787.csv,NAB,0,Var-96,0.1070092964882852,ffb91e1bd3f41a9f23b37f7427d3ebb3b9024b854ff136adb81e4b0a5be00b34
016_NAB_id_16_Environment_tr_1816_1st_3540.csv,NAB,0,Var-96,0.1986872279767713,ed883ebe1556efd3f260e6991fb82aafd95cf150c69dc7ab31043e2c32598687
017_NAB_id_17_Synthetic_tr_1007_1st_1805.csv,NAB,0,Var-96,0.369628884355606,aa207fe87a529d0731d5197055e387e113035b445da99eb7ead217edd8985786
018_NAB_id_18_Facility_tr_500_1st_669.csv,NAB,0,Var-96,0.131684679958485,b10ceea8a6e0eb4c5e17ffc064eee845b52003d147383dedcba4239137261695
019_NAB_id_19_Facility_tr_1007_1st_1171.csv,NAB,0,Var-96,0.5164440000966274,9f7c0c79aa6cebd20ba911a3bd71ca4b95230bbd75a48bde5fcdb0e4c98aa0a8
020_NAB_id_20_Synthetic_tr_1007_1st_2679.csv,NAB,0,Var-96,0.1402411518520244,6293559abc7cd4a1365d76ed09e637b06f29e1d212f215a63915feaa9384945a
022_NAB_id_22_Facility_tr_1007_1st_2980.csv,NAB,0,Var-96,0.7528738316421183,4628d577133ea18a5f09c2dd6dafb240495df37edcb83e605ec91c3fcbc36c3c
023_NAB_id_23_Facility_tr_4512_1st_16551.csv,NAB,0,Var-96,0.1821147975085927,7e320e7c91d514e6dd799b1ff497716ccdee42b83b72bc5cf182481ad8560f9c
024_NAB_id_24_Synthetic_tr_1007_1st_2787.csv,NAB,0,Var-96,0.4821676313456999,8ec475a9be59c219485e97b8fd386ad1d933fd62de1b5a18ddd0a3a39a88f7dd
025_NAB_id_25_WebService_tr_3958_1st_4614.csv,NAB,0,Var-96,0.2369211479890528,55cd543ef14386f8ad633ccde243d300b1fc4c59aa733a3565466915dc59903a
026_NAB_id_26_Traffic_tr_624_1st_2261.csv,NAB,0,Var-96,0.5144194690864569,0de0b629a8dc0c7b7f086fce457c2f0f36c4e33e93b95030e11ba1eb8addf8ab
027_NAB_id_27_Facility_tr_757_1st_2582.csv,NAB,0,Var-96,0.5472845582562467,5e9c42fc399ffce975cbb203d36ea4b9b701844f913aa6a7b307913c7722aa95
028_NAB_id_28_Facility_tr_1007_1st_3447.csv,NAB,0,Var-96,0.4313338155169394,a63ffc42ad919a99a2a131ec3e9698045c1c1d12439d23400e0ad550de7fdde4
032_WSD_id_4_WebService_tr_4559_1st_11822.csv,WSD,0,Var-96,0.4075866633723919,6c7c2039e1818a9b5fd1d4216f5c0b615edc4939093da66a36d6d6233f75d531
039_WSD_id_11_WebService_tr_1746_1st_1846.csv,WSD,0,Var-96,0.632287545101147,2f90fc5cfa73b304ac736f78417d2e97622b46fb84e8459f234974d2a0b2265f
040_WSD_id_12_WebService_tr_4559_1st_9714.csv,WSD,0,Var-96,0.0170505186696616,c02cec7dd771b26be18893915506e9fab2692744fe3a4845997f552d4ae942a8
043_WSD_id_15_WebService_tr_4521_1st_6828.csv,WSD,0,Var-96,0.0265222858141312,a40c3580ee007cf3ced41060952c78c774bd73d490c16dc75d6120d5d71dec94
049_WSD_id_21_WebService_tr_4297_1st_7097.csv,WSD,0,Var-96,0.2352071175392046,664aab23879a4792845e17ce55aad692ae9615eeae2d6f6df041442ed2ca41f3
054_WSD_id_26_WebService_tr_2409_1st_2509.csv,WSD,0,Var-96,0.2699102723236503,8879e0ab1c0a97f6838126ab716b6fee65d594965672e6336f228f222d252685
058_WSD_id_30_WebService_tr_1136_1st_1236.csv,WSD,0,Var-96,0.634095450838627,973648f3b1ee91fe57faf069ab517345a4decea3b498ca51dd2b6c2c1ea1a932
060_WSD_id_32_WebService_tr_4576_1st_4766.csv,WSD,0,Var-96,0.5443291266622257,8a0a07aa6026813a0da3e31dcbcf5f03bb90d6d3db2babb764678026c9a67ad2
068_WSD_id_40_WebService_tr_4549_1st_13322.csv,WSD,0,Var-96,0.2760263646343864,c67cd473c170a786008a8585ff598d61233b5aa5a6b273238898761851a5943a
074_WSD_id_46_WebService_tr_990_1st_1090.csv,WSD,0,Var-96,0.6780159633648133,d80a8f0419f1d63e8c76ca460b7b0fef0705c7e6b2540bbd9f2e67c297597f8b
089_WSD_id_61_WebService_tr_1010_1st_1110.csv,WSD,0,Var-96,0.6888533736159249,d91cccc260f51de2819cab1246a7f12da608484b41f87091722b3e1bf9a0087e
094_WSD_id_66_WebService_tr_3309_1st_3914.csv,WSD,0,Var-96,0.1000424488916417,527269823a5b91453b4241357980df8b722f8b3306a1397c460d38ab42e0b165
099_WSD_id_71_WebService_tr_4559_1st_14411.csv,WSD,1,Var-96,0.3492967023748903,642fa4be2c786af2fcf4a0ac35f838271a27012ec1d2d4d39b605321fce89d07
106_WSD_id_78_WebService_tr_3363_1st_3463.csv,WSD,1,Var-96,0.7138881838098038,c9ac5dbd78f30f168d33c78d24f1f7a2eb584ccbdd06d1cca4eec01fd7833c68
113_WSD_id_85_WebService_tr_500_1st_335.csv,WSD,1,Var-96,0.1417243341141802,6436241b93499e81ab44259febc78c20eb97ba614569bf0d552d498f479be82f
117_WSD_id_89_WebService_tr_3251_1st_3351.csv,WSD,1,Var-96,0.0129443797312717,ff64ef47a2f732a364a5e68d258751c9ec7e232ceb784637c4d34c3cc0d90df3
125_WSD_id_97_WebService_tr_2217_1st_2317.csv,WSD,1,Var-96,0.2587558990305205,7b97d08fdc02c68489ef612c9970e043d720069335c5368053702e0c5e065031
130_WSD_id_102_WebService_tr_2362_1st_2462.csv,WSD,1,Var-96,0.7054218964712657,2dae954e9f43cf48b21262e5876d262c1afac839d73ec85332bf836401c478ef
137_WSD_id_109_WebService_tr_4559_1st_14404.csv,WSD,1,Var-96,0.3482376750817201,5f9d47020ad4f7b814bf80543dec02d707c218225aa1da59ef160a48094683b8
139_WSD_id_111_WebService_tr_1701_1st_1801.csv,WSD,1,Var-96,0.5429670948288843,85e6960015f1bb0ea0822fed6b37f3b8c6e365af5879cd708165a126177c2d3e
140_MSL_id_1_Sensor_tr_530_1st_630.csv,MSL,1,Var-96,0.7456183754500646,94f0746b473f94e947fecb339559a8ff5b9df267ce62a02ea226576aac3f9153
141_MSL_id_2_Sensor_tr_500_1st_550.csv,MSL,1,Var-96,0.3694873972697503,b0eea5f7de7928cfbdf06a4eca9e44f5095595e2c683392a8fb0fbf463d35de0
143_MSL_id_4_Sensor_tr_980_1st_3550.csv,MSL,1,Var-96,0.999528470491989,29aed92fe8ce88d04b1e3d55a17003454c7a2a00d0641a076e1813d778c067cf
144_MSL_id_5_Sensor_tr_1525_1st_4590.csv,MSL,1,Var-96,0.0184978529843696,e25a086e97c7ce38f3a0d736be1c1fb7ae7306a5a03d720237b0dda03bfc829e
145_MSL_id_6_Sensor_tr_530_1st_630.csv,MSL,1,Var-96,0.2741563838063869,40401a101be6705fbba564065cf815c8800964eb76a66c0137a3b04a5e659ab5
147_MSL_id_8_Sensor_tr_590_1st_690.csv,MSL,1,Var-96,0.613112683697757,6cad349aac20c14367cd636d1ccffedd9fb66f6ff69a83b9c1907824a6f5c48e
148_MSL_id_9_Sensor_tr_883_1st_1238.csv,MSL,1,Var-96,0.9165093335550648,ce1ba38fe9f3dffa004b6f7f02480ff5e5b53417f63db6b93be31b93bff8c500
149_Stock_id_1_Finance_tr_500_1st_7.csv,Stock,1,Var-96,0.8477273947676295,6eb5e3d7cb5d82fbcb98bc3da6f8e7f91b3ba35dff08492e12ef3ad4d84322e4
151_Stock_id_3_Finance_tr_500_1st_62.csv,Stock,1,Var-96,0.8441636427718889,d0e478a2f02d6965349e95c1a6ee921d4048380544f6585600b41af972a4a58b
155_Stock_id_7_Finance_tr_500_1st_18.csv,Stock,1,Var-96,0.8482387965209922,f83875245cfe971b9e540e9c38d76dc2f8d36fe4c110a825a15be3a8ff37649a
156_Stock_id_8_Finance_tr_500_1st_24.csv,Stock,1,Var-96,0.8309007403241936,fcad6fac63e7f4ee0b80549f37b7ef77e8aec52f9f5249b934a1306b5b977762
160_Stock_id_12_Finance_tr_500_1st_14.csv,Stock,1,Var-96,0.8497117040080072,73a5c71f921780a5fedf1cd7946caf98bcbc7276df5a1a8246df1d0b5ad694d6
162_Stock_id_14_Finance_tr_500_1st_4.csv,Stock,1,Var-96,0.9388830416906782,783dd74ae4b1e01aeedc6c11d893b3d1d2bea50c03a8518d03546c8aaa1ada9e
165_Stock_id_17_Finance_tr_500_1st_7.csv,Stock,1,Var-96,0.9379253120240512,3769af7d7972f3818e1869bd456b42468fdaaede1537b5bcf74ee8a13095cbfe
166_Stock_id_18_Finance_tr_500_1st_18.csv,Stock,1,Var-96,0.93956712347127,1278ddd6f7b5a7499f1aa13404ab09afa51ab1fdd0b26689372168240bdcc21e
169_Daphnet_id_1_HumanActivity_tr_9693_1st_20732.csv,Daphnet,1,Var-96,0.5510951119505825,65816c0493f760abfab2e7ff0232b38cccc8d8a94f35f115cd007ef7f1576710
170_MITDB_id_1_Medical_tr_17675_1st_17775.csv,MITDB,1,Var-96,0.0538194512562252,a606f3cb9297bd82531b7509dfff6afc909c01cc04fb13a599a8a6455ae33ca7
171_MITDB_id_2_Medical_tr_50000_1st_88864.csv,MITDB,1,Var-96,0.4593055851451805,2b72e2036d7205cf432b15c83eefe2b6f9cb7ba300e207eba65414c1b6b1efc6
172_MITDB_id_3_Medical_tr_27274_1st_27374.csv,MITDB,1,Var-96,0.0202321351880938,a89dde496d5e5ef40937f8f68ae515cf43be080ed6f76a8930b2bd9175cbf7fd
173_MITDB_id_4_Medical_tr_13620_1st_13720.csv,MITDB,1,Var-96,0.1136483934395059,3d5bf0285e945e291cceb9ead0549682026b87708ef001a4f4529d8e6eacb404
175_MITDB_id_6_Medical_tr_27274_1st_27374.csv,MITDB,1,Var-96,0.0771125600446458,57344affaa9c266075a31880bb723588dc5b908facd61e7b764736b784729495
176_MITDB_id_7_Medical_tr_6232_1st_6332.csv,MITDB,1,Var-96,0.4705658521119502,aaac15a1fb6df2c22de2c7baaa26e6f07c5120dd8940392969bddb495e032486
177_MITDB_id_8_Medical_tr_17675_1st_17775.csv,MITDB,1,Var-96,0.0546047796935896,00997821c495ed97ed2ea79683df779ef949adff9e4f6c840885701813bcb592
178_SMD_id_1_Facility_tr_6000_1st_10609.csv,SMD,1,Var-96,0.1324057345242852,cd7bb2f50e3c4a1199a4c0f655d43dc4459cddbfd0b9c8f8fe2735f2c63b6f40
179_SMD_id_2_Facility_tr_5925_1st_17580.csv,SMD,1,Var-96,0.9578094619906924,1226486d247888bc5ab0d08d0408d13bd9f78e848884c6d541c76c98c132f2e8
180_SMD_id_3_Facility_tr_5925_1st_17580.csv,SMD,1,Var-96,0.9764205042704972,e668c166f316a25d227abe23b969eb9e57d0f17263c15c71a51693c9efed2fe5
181_SMD_id_4_Facility_tr_5000_1st_15144.csv,SMD,1,Var-96,0.6432500351741911,9bd257d42f23347d8d85b1f0d16073b50a1e74d76bed229f4c582fa20af860e0
183_SMD_id_6_Facility_tr_5925_1st_17580.csv,SMD,2,Range-96,0.9443910982275294,07b2e896c50353bccd0ff2a41e748884b4d1005fee5ff4d95b37a1a05cabdf18
184_SMD_id_7_Facility_tr_7119_1st_15849.csv,SMD,2,Range-96,0.6737975393525409,19636e4e0b671da92d9d22b1af8eb0a6fe810517ff54fc27b62f4599f0f01002
185_SMD_id_8_Facility_tr_5000_1st_15144.csv,SMD,2,Range-96,0.7286246155130183,8c2c988c43b42986d24328e8c2a5f61fe963099e1dc541ef611266c2c9a8bedd
187_SMD_id_10_Facility_tr_5000_1st_15849.csv,SMD,2,Range-96,0.4291099006240473,c32643e3e6be89acc64e25f2d8e5c50c76222dae762d2373c9b45974b9947288
188_SMD_id_11_Facility_tr_500_1st_392.csv,SMD,2,Range-96,0.4803530258961169,f94e42cedd6d49a60b9b65d68d2ef0969a724c020e277589a3045b6d7d5d42fd
189_SMD_id_12_Facility_tr_5925_1st_17580.csv,SMD,2,Range-96,0.9624298601234964,229940b66b42da4aac88908629b1c141c5aa0350fe48d6a98732caedecee5f5a
190_SMD_id_13_Facility_tr_7119_1st_15849.csv,SMD,2,Range-96,0.6022699298972592,790e5eaa0f61a9de9fb041e5b4ebc37f5125e6ccbc83b64fa37716292ae059e1
191_SMD_id_14_Facility_tr_4596_1st_4696.csv,SMD,2,Range-96,0.8399255584635054,e7ee6cff5896c25f75c371ee025e338c83d054d25c1785b40443a0b364fb1da5
192_SMD_id_15_Facility_tr_5925_1st_17580.csv,SMD,2,Range-96,0.9348934692094676,56b8ffc3f9cb5c7357ae87c85907376e4ad6cc82c395c81055645d13fed73dee
194_SMD_id_17_Facility_tr_5925_1st_17580.csv,SMD,2,Range-96,0.6828824408128193,d62bea2d6d85897a86295896427e02b2c822d18a79e865c53aa7bbae63e070e7
195_SMD_id_18_Facility_tr_5925_1st_17580.csv,SMD,2,Range-96,0.946035797819576,48a73e1f8af2f13884c5c7cf93e3f6c01d6f45274d9a2b3db107997bad017c62
196_SMD_id_19_Facility_tr_7174_1st_21230.csv,SMD,2,Range-96,0.8354908232264971,10c5ded89b24249daab1dcc3627658cd909e061539f03899752988a7005d019a
197_SMD_id_20_Facility_tr_5000_1st_15144.csv,SMD,2,Range-96,0.7350311299522598,e0257691f8b675fc5d5b722ed027c289932bad8aaa17f83d7d31168a14b23dba
198_SMD_id_21_Facility_tr_5925_1st_17580.csv,SMD,2,Range-96,0.7865866133114453,1e857927296018f16234093d7ec62742c1789b64e6afea33500d31b1f92ce1ac
199_SMD_id_22_Facility_tr_5925_1st_17580.csv,SMD,2,Range-96,0.920242441561439,87ab2bc4517a1c5632e75fdaad0d0f7bfb21111447e66e10df7737e9d61562e4
201_SMD_id_24_Facility_tr_7174_1st_21230.csv,SMD,2,Range-96,0.8698409130923812,454df8f7469f5818e920bd8709b47186eacbfbd32d530bc6fa46c1d882633e46
202_SMD_id_25_Facility_tr_6250_1st_21230.csv,SMD,2,Range-96,0.8542265518949509,1a0f1d5982319d486fc8d110b8ffa1f85d0aca7fae72a80e103762eb1af12be1
203_SMD_id_26_Facility_tr_7174_1st_21230.csv,SMD,2,Range-96,0.8668747500057392,a3d37ae0e041f88bac9c5588496e6ce9a4667c8fcdfb7fc0ef1ecc9b4774ead2
204_SMD_id_27_Facility_tr_5000_1st_15144.csv,SMD,2,Range-96,0.6721737233046708,e65f92ce571b8e2d5fbe7d439ec68bfb8df4ac27db2981ae36a2db7460531249
205_SMD_id_28_Facility_tr_5925_1st_17580.csv,SMD,2,Range-96,0.9464145326281664,10aed97e24c36701dfa4b80500f82afae2a4c638be83197964f0f060453c0c1e
206_SMD_id_29_Facility_tr_6250_1st_21230.csv,SMD,2,Range-96,0.8542265518949509,9fdfc7a2620d88e383e8c4b722a35fbf11af7c0c2f379821a8cfe96c0f73c427
207_SMD_id_30_Facility_tr_7174_1st_21230.csv,SMD,2,Range-96,0.8779822283836313,9f50cc5153f6f7a0614b411c9bf8d2b05fe7ecad7e1e95ed8afeaf7c22be61a4
208_SMD_id_31_Facility_tr_5000_1st_15144.csv,SMD,2,Range-96,0.6871706038742706,58b14853fd0ce495ae0188ff2091d2a475a643f8393dfb5005b7b3e26c981916
209_SMD_id_32_Facility_tr_5925_1st_17580.csv,SMD,2,Range-96,0.1195610342101344,183873389211ab2cf889b124f2286ee1a525b90c34e4c8a5f80a8f8a4ff265bb
211_SMD_id_34_Facility_tr_5925_1st_17580.csv,SMD,2,Range-96,0.9522797569312412,f16a5fb13acd4aab258fe82baaf5cb2442685b2b796eeee197e97681b3c04ac9
212_SMD_id_35_Facility_tr_5925_1st_17580.csv,SMD,2,Range-96,0.9587484328345176,cb3b386dfd8c320746cf51f4d81277094c1f967332bce0e23841a1fb9153c1fb
213_SMD_id_36_Facility_tr_5925_1st_17580.csv,SMD,2,Range-96,0.9397172999163051,9f687c331c5d449e4789074321181be9b7c8369f5e92c60caa9557bd817fd5ea
214_SMD_id_37_Facility_tr_5925_1st_17580.csv,SMD,2,Range-96,0.9352632784791032,39729be67ac2bb53ffb386ec83dafcc456faa7cd02aa2c287697dd70dca646c0
215_SMD_id_38_Facility_tr_5925_1st_17580.csv,SMD,2,Range-96,0.9118971837567936,c2ad6549dc5a82287d5e96721a42d45660beab3890a0dc9a76bee790840a53b1
216_LTDB_id_1_Medical_tr_500_1st_266.csv,LTDB,2,Range-96,0.1213486758198529,254e87e9e148a0f9921fd4c4aa9e04cbf9d70cbf923f83679601a9bf44785dfa
218_LTDB_id_3_Medical_tr_500_1st_266.csv,LTDB,2,Range-96,0.112624677850275,ca1617cc9e36304cdc347c551084bda1d8b0238a56f77d708d5f234f485047a7
219_LTDB_id_4_Medical_tr_3618_1st_3718.csv,LTDB,2,Range-96,0.9263506023159536,9ccdce47d22cb3eac13fd76050f4088797b7e0df862bb500fe2aea164986882f
220_LTDB_id_5_Medical_tr_500_1st_26.csv,LTDB,2,Range-96,0.6558226448863801,3a6fb599b5edabae26a3519bfb093b9d2d60e6637acbc2d87ca7a5324c9ce09f
221_LTDB_id_6_Medical_tr_500_1st_26.csv,LTDB,2,Range-96,0.3985681519513493,2912b9b63b3f07a5a4038ebeded3fb1ba586e4dec1798017eba72e53624f976c
222_LTDB_id_7_Medical_tr_3618_1st_3718.csv,LTDB,2,Range-96,0.9417260596823844,6c1cd6ff9a2025d4e195784f09c9d06e92a8a414411266dc8c4bf5c57486b3e2
223_LTDB_id_8_Medical_tr_4456_1st_4556.csv,LTDB,3,Range-96,0.225864508779707,31c6a8056d11070d6df21fd76b620e780e0bb17f8bc1d0f9327437a1540d3333
224_LTDB_id_9_Medical_tr_4456_1st_4556.csv,LTDB,3,Range-96,0.3997577774197181,714e6f6dddfd4977c61feac20b6cc0e2bc413335b60b3f06ae0b1b8c80d6f42c
225_MGAB_id_1_Synthetic_tr_25000_1st_38478.csv,MGAB,3,Range-96,0.004328132324968,4c685ccce1e6ea455e6a131b1566bb200681ad2d9d7943f026a8919ff9658fc0
226_MGAB_id_2_Synthetic_tr_20000_1st_45134.csv,MGAB,3,Range-96,0.0033713390965164,bf87ff7c3393c6b9afd756976fa76c0120024dddc14d89683fd1355b35c8750e
227_MGAB_id_3_Synthetic_tr_25000_1st_44340.csv,MGAB,3,Range-96,0.005731618355524,e9c33b39e3ab4bdf77df13ab5d9965ae61c58f29c6869e7bb549bac9bfe8d40c
228_MGAB_id_4_Synthetic_tr_25000_1st_38948.csv,MGAB,3,Range-96,0.0082363808318785,bcfea34fd1c2aaa55f73d5cff0e2e346adbc4d895860377190232c26d65ff705
229_MGAB_id_5_Synthetic_tr_25000_1st_33098.csv,MGAB,3,Range-96,0.0061182546103332,fdd590ab9028e150e90a448ad692f17608279cb081dcdb682dfcd420063a4852
231_MGAB_id_7_Synthetic_tr_25000_1st_35544.csv,MGAB,3,Range-96,0.004718352887878,fc5ca4cd87b1019b2f2d80cba17e8444fd84dac351578d94827e76a671cbe31d
232_MGAB_id_8_Synthetic_tr_25000_1st_32708.csv,MGAB,3,Range-96,0.0054447597085138,266410c4a9be899fb35a3b4f69c7a61f8f2a72be3e37a87c241e137f654a1119
233_MGAB_id_9_Synthetic_tr_25000_1st_41300.csv,MGAB,3,Range-96,0.005007776094331,ca8e9ae9315315852e57ba058d270f0a2cca78782cb33f1e56e574aa983bdef4
234_SED_id_1_Medical_tr_3740_1st_3840.csv,SED,3,Range-96,0.0598110351140336,8fb89e3a3be6fe52c95ebf0ca58fa9918006aaa57589beacf7d19e023a6ee1aa
236_SED_id_3_Medical_tr_3740_1st_3840.csv,SED,3,Range-96,0.0498844726781588,2041615b9918c2b36528d8bbcbd62c3144c9f225f5d6be80f0b68dcea03e1a44
237_SVDB_id_1_Medical_tr_11587_1st_11687.csv,SVDB,3,Range-96,0.737810422968513,489af4ad1f748e2bd7ac42a6f24158f27f487f012e37fe6ea9886b9d77f1e4bf
238_SVDB_id_2_Medical_tr_25000_1st_71963.csv,SVDB,3,Range-96,0.2456179700812911,675530f1bd26fd07a114ce32992e8d085b9f3178a5c66b17ee72c3f013f00af5
239_SVDB_id_3_Medical_tr_50000_1st_106634.csv,SVDB,3,Range-96,0.1867053684029728,3d02f8935a5a455491ce52c1b9b408bbdf72363d5d6ffe5a1bc6af3ad4e6beb2
240_SVDB_id_4_Medical_tr_18462_1st_18562.csv,SVDB,3,Range-96,0.1701553854161628,a7c81171d7a51ab95a099b0319b6fe2202b7734c87ea602f9284adb448580f68
241_SVDB_id_5_Medical_tr_11587_1st_11687.csv,SVDB,3,Range-96,0.1684362991285376,8d7a9f2c167a6e7f8e53f120a31afcef05cad76873f599eb80d20f6e560e08d4
243_SVDB_id_7_Medical_tr_11393_1st_11493.csv,SVDB,3,Range-96,0.0814694806321543,811bae6083df6db794ad97bc181d915137e0170f3275d85c40e47292cfdf04d8
244_SVDB_id_8_Medical_tr_17803_1st_17903.csv,SVDB,3,Range-96,0.1536624243214059,62d36319d5e23695dd17a0da3a3a2ad30b75a5b20dc344d6e32eeb151ffa614f
245_SVDB_id_9_Medical_tr_12607_1st_12707.csv,SVDB,3,Range-96,0.7252649599976217,627a23210744a5acfd3342cfc32777e29ff6fa50944e03a77cf09317bc1a15ca
246_SVDB_id_10_Medical_tr_20100_1st_68460.csv,SVDB,3,Range-96,0.1509404714792936,69bcc6863b3ea29b23a51fab791cee7592706fb22dda5041d22782f2f61b8f5d
247_SVDB_id_11_Medical_tr_20100_1st_23611.csv,SVDB,3,Range-96,0.301422734454866,fb6d0e826ccc8c04efe31aa68787e2d57969b4d5889766a1f39b58ca84455a55
248_SVDB_id_12_Medical_tr_18462_1st_18562.csv,SVDB,3,Range-96,0.4503945084188708,7c0ee8cc9504d0a00a0e2e0a8f18c61ecb1baf7c35ff77abe6009d4f069b00e7
249_SVDB_id_13_Medical_tr_50000_1st_54982.csv,SVDB,3,Range-96,0.3507293358370041,32d872928359d66bc0cb9e9394b1866d269c4d40ca41bad8fd7dd36172fe42fe
250_SVDB_id_14_Medical_tr_50000_1st_107354.csv,SVDB,3,Range-96,0.1288002784436652,2e39e0840f2984b96927d0bf072bf1cad09731aba4b222f23333a60892b82c9c
251_SVDB_id_15_Medical_tr_5421_1st_5521.csv,SVDB,3,Range-96,0.5696745727252202,99a54184743dcb8128cedcbadde1207bc6834d01e8c015d5572a5bb45c7743ef
253_SVDB_id_17_Medical_tr_17803_1st_17903.csv,SVDB,3,Range-96,0.1047474450163928,ec91da0ce1dcf1c759ee2ca5402cc8e57f8d9a5a93a444b4f211bb802406dee7
254_SVDB_id_18_Medical_tr_30824_1st_30924.csv,SVDB,3,Range-96,0.051376350416071,4eabe5f6737f07e2088a37801cae986707f84e362b69f1d5703e8a3dc9a2df22
255_SVDB_id_19_Medical_tr_50000_1st_54982.csv,SVDB,3,Range-96,0.3151667199728689,d50d30c7d998fc71f87f8e0bbe20115a6b4488af5a3f50d320357fa187cb4169
256_SVDB_id_20_Medical_tr_6264_1st_6364.csv,SVDB,3,Range-96,0.0494114266359797,5c0278c7bfd67cbd1ea7d506ff1e641526d5a1c3deb377a053194fcaf2969074
257_TAO_id_1_Environment_tr_500_1st_3.csv,TAO,3,Range-96,0.8866676574008269,53f920b97eb30d8760f3bcf9165e6753669f907e85ab0562f8be1f4db457ffcd
258_TAO_id_2_Environment_tr_500_1st_4.csv,TAO,3,Range-96,0.9209740030468714,a8b8ed3c71aa6dd06ded8019af0a59cae5725f133559f62a93c53a628e8af402
260_IOPS_id_1_WebService_tr_5000_1st_11804.csv,IOPS,3,Range-96,0.6604864424316907,321a3960e72a04ef5565b81a5f6e106d188df1331d8413f7142c526cf3406138
261_IOPS_id_2_WebService_tr_2178_1st_2278.csv,IOPS,3,Range-96,0.4038694993861477,7ccd42b972da3de730e80edb1bd24c79530ce66cb6be16bb574b24850f7f7f16
262_IOPS_id_3_WebService_tr_7028_1st_7128.csv,IOPS,3,Range-96,0.1676492232124615,53d74484fa4328742afc908160620790a1a5633b4a6c7208d58862d6ab6feb7a
263_IOPS_id_4_WebService_tr_3482_1st_3582.csv,IOPS,4,Range-96,0.5939648380347922,33bc183fd8c9ba409d0a5b10a6e602133ba149f5aa7dbd84052b4c8f52b17de1
264_IOPS_id_5_WebService_tr_11665_1st_11765.csv,IOPS,4,Range-96,0.244546372214633,a824031a338c2cc734dce07490c0e7f44b62300bde287d4834971408bfae8c83
266_IOPS_id_7_WebService_tr_4010_1st_4110.csv,IOPS,4,Range-96,0.474169117498702,5dbb0afa0655e1abd9ed06bf068ad0a7cfd12f035fdb0f1d0ee7ffae0efd7daa
267_IOPS_id_8_WebService_tr_1534_1st_1882.csv,IOPS,4,Range-96,0.1096968025901335,ef584dbcc97124abd808e9797c95dbce96b87270cca6d5d8e68267882db43372
268_IOPS_id_9_WebService_tr_6216_1st_6316.csv,IOPS,4,Range-96,0.571021511767995,065353616862a0e95d7043d5ffc5984102f13919dba7dac4a624a6ce307a8568
269_IOPS_id_10_WebService_tr_1216_1st_1728.csv,IOPS,4,Range-96,0.6226761276265599,b117852232fa23bef6136e8a54a81e027c7058ebc000602edb7be79f5a7652d5
271_IOPS_id_12_WebService_tr_500_1st_341.csv,IOPS,4,Range-96,0.1305668080534895,2bebd902b822b8c3f1960c7b2e4fe16ebc66dab9a3f3f611f2987c51e556ab2c
272_IOPS_id_13_WebService_tr_3442_1st_3542.csv,IOPS,4,Range-96,0.5283014468234024,9a2268c2376225f427ec5a9cd3c480a95968e84fc29ca5a276c9c6b94b4b72f8
273_IOPS_id_14_WebService_tr_5569_1st_5669.csv,IOPS,4,Range-96,0.4273879750890611,3bd4c06d92fb938157a0bed9ef140d6f0507bfd5b772493f0bf8241f6f05c148
274_IOPS_id_15_WebService_tr_4591_1st_4691.csv,IOPS,4,Range-96,0.5742954568045193,e8e452c33a426b01a0971eaa3e07aab49ee89f238335a7b86037b8bfacebb987
275_IOPS_id_16_WebService_tr_1482_1st_1582.csv,IOPS,4,Range-96,0.1007479216328137,b7fee8edb231ad21793cbe7febb6f2c2086f8da1ec7460e0c3dc7e5ec8fb91cc
276_IOPS_id_17_WebService_tr_19197_1st_19297.csv,IOPS,4,Range-96,0.5186184056718592,d09db963d9748b9e4b2a100ab63902c1a5c0cbe892e7afc8b1df37505639fa63
277_NEK_id_1_WebService_tr_500_1st_17.csv,NEK,4,Range-96,0.9128611007596336,b1d34ff523efdf3ad54cead6e8f590a4a5308e05fae9b1250c17a9564bc7611f
278_NEK_id_2_WebService_tr_500_1st_64.csv,NEK,4,Range-96,0.6794462198060293,f509676bdbe6e5586b2b47a62258ae179afc095e42b831101acf73a00525bf55
279_NEK_id_3_WebService_tr_500_1st_974.csv,NEK,4,Range-96,0.790591734253404,9a078db2f9e43e1760720932448c92bf89eca82ad798b4ce8fd3c8182b47251d
281_NEK_id_5_WebService_tr_500_1st_974.csv,NEK,4,Range-96,0.928259971578684,7e04b7f25b813c20bb363a4ca49da4408f2a0e35bfbc4e464a2269c058d264c9
282_NEK_id_6_WebService_tr_500_1st_64.csv,NEK,4,Range-96,0.6241577172365355,d390b1ffb45cc2b689f57f168bc5e02836163add4c2bce6bb3a893ce299092e0
283_NEK_id_7_WebService_tr_500_1st_777.csv,NEK,4,Range-96,0.8066926823390149,05a30703c508ef891cdaab08e383fad52902e5f9b5b1de1b99bc3bf056865da8
284_NEK_id_8_WebService_tr_500_1st_976.csv,NEK,4,Range-96,0.9019306331006244,6e3bdfa17266ca98468034fbe20eeb792c2cfe248de2c088bb2c1abebe6ed945
285_NEK_id_9_WebService_tr_500_1st_780.csv,NEK,4,Range-96,0.7498987870196107,aaf5a68fc0ab0f7a291e87c418918f9abf2d9ea6065490b820d562fe94fce26c
286_CATSv2_id_1_Sensor_tr_17792_1st_17892.csv,CATSv2,4,Range-96,0.2481800627100949,5d2a161e8bd6cd5874d119e64b2040637ec937d3e6136a8fcb45f2cb772fb027
287_TODS_id_1_Synthetic_tr_500_1st_11.csv,TODS,4,Range-96,0.8201644718326575,8e76f67ba04e93cc883b88ec2746485120b6e08f222a26781c0ece170a660274
288_TODS_id_2_Synthetic_tr_500_1st_65.csv,TODS,4,Range-96,0.7525220860836099,6a68030c7a2acbb8caaa51357a706349386e0f2666d87e3278573941b2472195
289_TODS_id_3_Synthetic_tr_500_1st_26.csv,TODS,4,Range-96,0.6207396143511987,d2e5cce282da873f4c07f18dbd474b09867bac58c7656c23d6a2ba4cd1550861
290_TODS_id_4_Synthetic_tr_500_1st_26.csv,TODS,4,Range-96,0.5120819369215988,b9b4f9f2b230ce7eb6e8c86cf0a764ebf0e7a100c395f3cd69cd37376c625093
292_TODS_id_6_Synthetic_tr_500_1st_11.csv,TODS,4,Range-96,0.8276024699675681,938ee3a17d0f40514e5aebe03effb7b146c9cc0e8ee1494308adf1de189dfb4b
293_TODS_id_7_Synthetic_tr_500_1st_7.csv,TODS,4,Range-96,0.2124342486381731,a3d9ac7c6153256a98431937f5634e96227fcdcc8c60a714654dd2ae2d5741df
294_TODS_id_8_Synthetic_tr_500_1st_200.csv,TODS,4,Range-96,0.1424210917151336,3c10e9b3afc312d0ee67aade299fcd85376c671f536fa58e73f2a4a645fc91e7
295_TODS_id_9_Synthetic_tr_1250_1st_2046.csv,TODS,4,Range-96,0.4359584871928872,e5e0e86175b6a9bad9005f3605b1d3f0dfdee158d4c761b7be81e682122bbd8f
296_TODS_id_10_Synthetic_tr_500_1st_26.csv,TODS,4,Range-96,0.7693498722062214,72aa0de1c9535f25a6f9f07d90f7109d2f8735f40e395230b442a9db6fdf0b72
297_TODS_id_11_Synthetic_tr_500_1st_7.csv,TODS,4,Range-96,0.6794385059037819,284987026055016438d6d6755d99090c1a58d45bd191a4e19290a73ebf60e378
298_TODS_id_12_Synthetic_tr_500_1st_0.csv,TODS,4,Range-96,0.6558727895126857,aaaab196c8af8c05e227efb9483a84613be8e2391e801a4a4a3e14f0f24adc67
299_TODS_id_13_Synthetic_tr_500_1st_65.csv,TODS,4,Range-96,0.7230033242975931,c0bfd8ba3b6e6c01fb0415a30fdd619a289d443fc939735b9700b467555358da
301_TODS_id_15_Synthetic_tr_500_1st_245.csv,TODS,4,Range-96,0.2552185050002578,ec95588acdad75fcf6656e2bf86fda2e9934348ea0188c3571fe62c24cee28e3
302_Power_id_1_Facility_tr_7685_1st_7785.csv,Power,4,Range-96,0.073129504975594,e66b44632cace27b973a55465cb08843715c5d050ed90763d766bc4c61c3ba2b
304_UCR_id_2_Medical_tr_2499_1st_7000.csv,UCR,5,Var-96,0.0447737184009123,6d5d481eedd603c4c4f99878e16745075ed615222b7ebd9264323b9dce3299ea
307_UCR_id_5_Facility_tr_29895_1st_39240.csv,UCR,5,Var-96,0.0028212649282805,b21746a577fa1a84e7ac5a25a128e0cde2461ea886acc05bcedc79bb86514ba9
309_UCR_id_7_Medical_tr_3000_1st_5948.csv,UCR,5,Var-96,0.0094385881388902,53f9f59c52ab63546e872902252d35f2345827643170629e97044351969e004d
310_UCR_id_8_HumanActivity_tr_2631_1st_8285.csv,UCR,5,Var-96,0.0027080096094633,3b541495a72acae4119746713f9abb3adb65c77d07794eeb0da0d992a03f2590
311_UCR_id_9_HumanActivity_tr_16000_1st_38400.csv,UCR,5,Var-96,0.0122372177097596,7a0e9eabe81044297ccfa2c0e4b612c997463d0184df6873bb8b562006f387b2
313_UCR_id_11_Sensor_tr_2827_1st_4711.csv,UCR,6,Range-96,0.0089323140116266,3de04110bb551750d063f78e1ef8a0076d2f6d23f9b54f33f9be243bcecd4896
315_UCR_id_13_HumanActivity_tr_16000_1st_33070.csv,UCR,5,Var-96,0.0026487906128322,5f0bd6917adee65a2b13ab68eb8d319bc679a8108d5e7d66e7743bdf3cc872a3
316_UCR_id_14_Sensor_tr_2833_1st_5988.csv,UCR,6,Range-96,0.0167960159474028,8c421ed861f297947e4088d1792c2b31f173ef3af762622672216d09d3be12dc
319_UCR_id_17_Environment_tr_6166_1st_19280.csv,UCR,6,Range-96,0.9251797598317102,7da148dc09bdbb2ead292c939cd9391f3ef2b225225bbd376a676f283452b1ee
326_UCR_id_24_Medical_tr_1875_1st_4187.csv,UCR,5,Var-96,0.0066906596570584,b2ddda260e2ae3172654e80f7c409d6fd267a3509c499b8dd0885838ed257f6b
331_UCR_id_29_Facility_tr_50000_1st_837400.csv,UCR,5,Var-96,0.0017849077979964,f133b5bf3e4559f763da6ab28e884fa20e6ac1b37c0b12561ef0075983f1bfec
332_UCR_id_30_Facility_tr_13750_1st_52600.csv,UCR,5,Var-96,0.0034813419693678,f596a230803980fe7d29e4608c467f100d2f1fb0fffd107cd19754fb3705bcbf
334_UCR_id_32_HumanActivity_tr_1671_1st_2764.csv,UCR,5,Var-96,0.021563899625525,3d971413858149a8400ea0c20b269a500349b302553fba0ff8de0fc99fe85730
339_UCR_id_37_Sensor_tr_2750_1st_5400.csv,UCR,6,Range-96,0.3203984353419056,833b2f997ce56956c092bb6a6d28a62c1f96089a875fc38cd753baf2e4a08f9f
341_UCR_id_39_HumanActivity_tr_48812_1st_128430.csv,UCR,5,Var-96,1.0783356736110902e-05,1c3dd4fa93f75636856dd71fa71f7f4e982936d13e2e1e26ce7165ffb22f5e4b
344_UCR_id_42_Sensor_tr_2851_1st_5365.csv,UCR,6,Range-96,0.0047118947672775,0648b3084577cb31bc105046cf59c59f2d880cbec62cd28993d5c3518a90d63a
346_UCR_id_44_Medical_tr_7456_1st_17390.csv,UCR,5,Var-96,0.0216570021279042,ab4106ae5ba1272d70ac6edb68018d840b64f15d6482f21cf256f084320b7b8a
349_UCR_id_47_Facility_tr_29954_1st_74900.csv,UCR,5,Var-96,0.0027740469113905,a18df505d7fac751f1e6b1096915df2aab75f9cffb44a078a7095d4b2a2cfb49
355_UCR_id_53_HumanActivity_tr_48750_1st_143411.csv,UCR,5,Var-96,0.0010959215355957,1d80db38e0c47716dc7a08e7d998922ec7a6a865af6300fcac65218e3d19b31c
358_UCR_id_56_Facility_tr_10500_1st_29080.csv,UCR,5,Var-96,0.0014619954022723,5ec45792e3b311f37d487ca59394c774de1abe7b174614dfac7bbd34884c46ea
361_UCR_id_59_Medical_tr_3000_1st_7175.csv,UCR,5,Var-96,0.0175777287010729,90bd50b44217a34da2aed0613857e2465d2f9d16df85fc74890717964ffcf508
364_UCR_id_62_Sensor_tr_2833_1st_5988.csv,UCR,6,Range-96,0.0139181055070864,6afc6f556f4dc80659d5d28809c0c17ddc70a86767cd8877f9598637a1c078aa
369_UCR_id_67_Sensor_tr_2750_1st_5400.csv,UCR,6,Range-96,0.3790011687195478,7afe8c613b71479e573401fec5212c849b3e06f2b8ed82b759f390dd7afe4fcf
371_UCR_id_69_Medical_tr_1853_1st_6200.csv,UCR,5,Var-96,0.0318397317599067,0b0c5d61ddf7e75a32a9b219a8d3d766afeffb425114284f65976b5bcf3be238
373_UCR_id_71_Sensor_tr_2827_1st_5988.csv,UCR,6,Range-96,0.3159170759812396,73cb4864314ed889bbcf442453c765d4129930da2fd0424d7a9dd5d14ee2ed60
381_UCR_id_79_HumanActivity_tr_16000_1st_31200.csv,UCR,5,Var-96,0.0092155744731007,1b42e9a93cf589b3661279d6392507512dcef729cdd6e102b79a0d060fe75943
382_UCR_id_80_Medical_tr_7500_1st_11800.csv,UCR,5,Var-96,0.4343820675373023,c22b0c046ef89ba407527a899d97b2bf53b4168c07907ceb5a6bab521e2f017a
385_UCR_id_83_Environment_tr_2046_1st_6006.csv,UCR,6,Range-96,0.0790481558414897,6e8409d8246740a7e2cd8fa349c44e16817bebe9d9f8b667b72c4bc7aef6189a
387_UCR_id_85_Environment_tr_2046_1st_5549.csv,UCR,6,Range-96,0.1204657671883585,d427b1bc1a939945a9aa062e11a8c458a5dcf3107f329ba07f7d9125cc09eb24
391_UCR_id_89_Medical_tr_1875_1st_5759.csv,UCR,5,Var-96,0.0230349628478074,8facc5fd7e820ec089b8c75c221e467b2c7d3d71ba920b588cc779648c02a224
393_UCR_id_91_Environment_tr_2046_1st_4852.csv,UCR,6,Range-96,0.0125144079521303,14e584f0019e4a31d3038b7426761e045c16152c59ead47bb6d861385d11c1b9
396_UCR_id_94_Medical_tr_1875_1st_5607.csv,UCR,5,Var-96,0.0112569496546346,eed71d47672bee18e4d597b6095badb1deb8e1c4b6d9ea2c1d78f23e5a3e0054
400_UCR_id_98_Environment_tr_2046_1st_5391.csv,UCR,6,Range-96,0.0110557652224777,667bb4fc4cbe5c7c63c29a4d4cb3c264c01f6fea848cb0772313953833f0536a
401_UCR_id_99_HumanActivity_tr_1671_1st_5920.csv,UCR,5,Var-96,0.8509461349692513,5dc4639514f27f4b1b0e9c04ba77a7cc5ac964dc7a5e6f36c2dfb869df1e2164
405_UCR_id_103_Sensor_tr_2827_1st_5988.csv,UCR,6,Range-96,0.5406292775523006,374ad5dd3cc100925e701e265a4cc8768898b32e23464c97604f49d098d45939
406_UCR_id_104_Facility_tr_20000_1st_67950.csv,UCR,5,Var-96,0.0599688259380054,3287ccd75cf0b0e36a598b174e972868d34fe5b8d634b57794166ec242556dae
411_UCR_id_109_Environment_tr_2046_1st_4852.csv,UCR,6,Range-96,0.0118237113554833,092ffefe96cfdd0ac8f86c2389eab1503a90e169e3695b6b6b8f8e94e65e5e14
415_UCR_id_113_Medical_tr_3000_1st_8612.csv,UCR,5,Var-96,0.0222082114377829,b7d81d81b7652d1576da6eb44f13fbf66c2f6f27b098b14f83f14c40fcb65b4f
417_UCR_id_115_Sensor_tr_2750_1st_5400.csv,UCR,6,Range-96,0.3623107554582757,5935b3b19cb5682d860df2fccd92ddece0568efaee0b7bdba1c57e7f75efff30
419_UCR_id_117_Facility_tr_3000_1st_6168.csv,UCR,5,Var-96,0.0127252195297577,6a5e8f670b9d4031badd5de31aa645198fe339fa49c101b146ef1db665b9dcbb
420_UCR_id_118_Facility_tr_13750_1st_52600.csv,UCR,5,Var-96,0.6359082797566566,7b7ebac9ab21d73fa0b020dc3e6b24c93b9647e3c6214baae48fae8974642ca6
421_UCR_id_119_HumanActivity_tr_48750_1st_130700.csv,UCR,6,Range-96,0.0103170463073996,2a05377260ca9a7677d0f8f30353c836b4eb56297e3c1705865266c839a703f6
426_UCR_id_124_Sensor_tr_2827_1st_4711.csv,UCR,6,Range-96,0.0079270794053781,eddad2b456b0cf90b5a08b55353bffe660918b9e383558e13b202b857ecd1545
430_UCR_id_128_HumanActivity_tr_12500_1st_46500.csv,UCR,6,Range-96,0.0079084363588106,74453cde8352e52dc62b10be465d2de9dc4085ee7801795d90ed7046f223cbc0
432_UCR_id_130_Facility_tr_23000_1st_26970.csv,UCR,5,Var-96,0.0069223995192967,085728a7bb8730bbc9bae632c36d01673a6a4f8c10238a4d009c48f1318c8b6a
436_UCR_id_134_Medical_tr_1875_1st_4526.csv,UCR,5,Var-96,0.0044741035727642,efebd2c6c131caf284cc2d7e9be3982dc117ae17ebda687e7d15f5e6088b207d
437_UCR_id_135_Medical_tr_2499_1st_8000.csv,UCR,5,Var-96,0.0019176999879369,68d5b268ad7edf315c0687f7e23f38960a3b0ae2dc1a4bf200a9d481a249ea34
439_UCR_id_137_HumanActivity_tr_48750_1st_110800.csv,UCR,6,Range-96,0.0011920505025954,e0cb9b4882b2fa6936cec32e57afe8ff5abcbd54b335cf8d270c663c50094686
445_UCR_id_143_Environment_tr_6166_1st_19280.csv,UCR,6,Range-96,0.7621493792887928,4103970ed94dd922210f86cafa475613a8ed4ad8e7c3fbe5283111ad613f792c
449_UCR_id_147_Sensor_tr_2847_1st_9330.csv,UCR,6,Range-96,0.0033980068070077,ff51d3bc92ba637105c9790c5850807d46c882f307c873543ffae0fc44cb7406
452_UCR_id_150_Facility_tr_10000_1st_35774.csv,UCR,5,Var-96,0.7613016013245265,7265eb3620aa8b725bc365cac1d5416608054a505777b99a2f81899db0465205
459_UCR_id_157_HumanActivity_tr_50000_1st_110260.csv,UCR,6,Range-96,0.000584520982795,94780498e2238988fad5865f14ff5c2114f9e1de14c0b3a4c0587623ccbe180b
463_UCR_id_161_Environment_tr_2046_1st_6006.csv,UCR,6,Range-96,0.0716145006484501,4b65a9e125372155a521e6020f3443d035f58fd6f65e0ce72d56eca6312c7c93
467_UCR_id_165_Environment_tr_6166_1st_19280.csv,UCR,6,Range-96,0.7630413845431004,130bc16662da65976fdbf6524e87d8b080538b057f2d06b1bc9507199569362a
471_UCR_id_169_Facility_tr_10000_1st_35774.csv,UCR,5,Var-96,0.0068962880536511,c0975c88a9abcadc82d2bfd687b463fa6a44670183fd9bbbb6b2ed929891a649
473_UCR_id_171_HumanActivity_tr_2617_1st_7290.csv,UCR,6,Range-96,0.0195124797704293,a04a937e54df763e9b987676f2bf92648f7406b70a6c52cc33c64ec9d8e48962
474_UCR_id_172_Environment_tr_2046_1st_6520.csv,UCR,6,Range-96,0.0104839701608752,ddad529745e31b26330b62ee5fc228005c94f8b7d94430115acdd6ccdff4ae16
493_UCR_id_191_Sensor_tr_2847_1st_9330.csv,UCR,6,Range-96,0.0065160927695641,54e7733c19ee935f424b516aa0c37df6a36f62b1f12c8eec63ce0bd59ec34dd9
494_UCR_id_192_Facility_tr_22500_1st_72150.csv,UCR,5,Var-96,0.0053495596866685,e6b30d4b009e059e2ed898d76202052b6333660a6b052370962aab28d2492af8
495_UCR_id_193_Environment_tr_2046_1st_6520.csv,UCR,6,Range-96,0.0109448504784939,fba074aac365ad18c83b863a0235dd97e70a40929b8c04fb2708b3b55a163f4a
496_UCR_id_194_Environment_tr_2046_1st_5391.csv,UCR,6,Range-96,0.0096685399284025,24b33660cf40a530a48af6acea1da83b928ab5717a8851c6625d303af295511a
499_UCR_id_197_Environment_tr_2046_1st_5703.csv,UCR,6,Range-96,0.0068298833244657,a20819b4e6bcc1eb86300b51797d0b1081c308814bf750207d5e98703d4149d9
500_UCR_id_198_Facility_tr_7482_1st_23357.csv,UCR,5,Var-96,0.0071769449692903,72e97ef1a0f5807d74c55b725bc907f260ac721de55566d92f0caa8292bfa98f
504_UCR_id_202_Environment_tr_2046_1st_5549.csv,UCR,6,Range-96,0.0851055243888092,62b942d36739d7c45da8df38b0d563ed15bebe7002a2e0c69d8eccfcaf07629a
506_UCR_id_204_Environment_tr_2046_1st_5549.csv,UCR,6,Range-96,0.0796885497997227,25e4a6ad261e4f2fda6d30e4e2bff6376cee50f23800ab9aa6289f36600b85e6
516_UCR_id_214_HumanActivity_tr_2108_1st_4702.csv,UCR,6,Range-96,0.0089021521473231,91bff51ea66dfb8fbe5196fa9078175482f75e561931dd0419f99fd1d2b3a6d1
517_UCR_id_215_Facility_tr_7482_1st_24005.csv,UCR,5,Var-96,0.0029168060629769,1121f37ce8599476a7a77e447a102c62803a89b8c9fb1e0dc040fd55a402e9f1
525_UCR_id_223_Facility_tr_50000_1st_250720.csv,UCR,5,Var-96,0.0077660545940086,ad12ce126efcb1212ea0e1979458e63f038ad69081e52c884d91ce0903fad05a
526_UCR_id_224_Sensor_tr_2827_1st_4711.csv,UCR,6,Range-96,0.0070683160579517,98b984bebaee0f566a628f516a1a2800e3d85e59aa2452bed8765b54d6e6d937
530_UCR_id_228_HumanActivity_tr_16250_1st_38500.csv,UCR,6,Range-96,0.0041724406309377,5c95f049b66d925eaa6dafa243f5e8be795d62e329244a077089d6b3e4c0196d
531_SMAP_id_1_Sensor_tr_1811_1st_4510.csv,SMAP,7,Range-96,0.9538411132536768,b54b913b838932f033c0ab9ad00b6c4883707968bb9727d6f5305614f04d5182
532_SMAP_id_2_Sensor_tr_2075_1st_5550.csv,SMAP,7,Range-96,0.4564323113927234,468136b464981a50e9bf93655cf930854d5c6948078de219cff274407169aa8e
533_SMAP_id_3_Sensor_tr_2052_1st_5300.csv,SMAP,7,Range-96,0.9999902159943658,0fb83d69fc536dfea3d11e9f35726d531174c400f58ca8855e706e9dc38595a7
534_SMAP_id_4_Sensor_tr_1968_1st_4370.csv,SMAP,7,Range-96,0.838262709354907,d0900ec25531bc16a50bb39a6fad1d1af6cdc28b118071bc9817515563fab0bd
536_SMAP_id_6_Sensor_tr_2160_1st_5600.csv,SMAP,7,Range-96,0.9457270310693968,06e0e11b8c73b7ffce61fd98758da61f2d2315cd009c3fc8c06a25d0267a7fa7
537_SMAP_id_7_Sensor_tr_2077_1st_5394.csv,SMAP,7,Range-96,0.9989961153104892,989103255cdc56504fa45cf2741e5f24c247905869a922b93ac1bc95ea6d28ac
538_SMAP_id_8_Sensor_tr_2007_1st_3650.csv,SMAP,7,Range-96,0.1809144602098856,3528118416d3e0eb133d8ed3c648e9ed7c032b5645a03dabece3b1e89948813f
539_SMAP_id_9_Sensor_tr_1857_1st_4270.csv,SMAP,7,Range-96,0.9082344746497092,102c5c69acb67557a87822cb234a39ccf28882ba00f742f4f09ff8730075765a
540_SMAP_id_10_Sensor_tr_2051_1st_4575.csv,SMAP,7,Range-96,0.0981806090466309,70e0e61de358222373b0457ea6ef8ba2bf4a3c338f609659064ea27dc43a298c
541_SMAP_id_11_Sensor_tr_1832_1st_5300.csv,SMAP,7,Range-96,0.7606254619058735,c851be78e1a07f1277b5c0c279c49c7e62b6173227518a5a5d1c1d7b8b83d70d
542_SMAP_id_12_Sensor_tr_1908_1st_4690.csv,SMAP,7,Range-96,0.7125486902417849,390e764076d4b1c729c07d81eb274cd564bbd540edb0f8e62a076893fb7ae5b5
544_SMAP_id_14_Sensor_tr_1978_1st_4450.csv,SMAP,7,Range-96,0.0129375193242564,29c9f7d554793352be1adc3616eb54069303bcb666cb4818a59b03cabe38b6eb
545_SMAP_id_15_Sensor_tr_1173_1st_2750.csv,SMAP,7,Range-96,0.8246966419924258,f23dda8c410db8b2858ce76cd4170a693ddaa0a1737eed6e74212337818d4301
546_SMAP_id_16_Sensor_tr_2117_1st_4770.csv,SMAP,7,Range-96,0.0243827333629086,a0ff7539d81f53eb904434968110033e257b3e8b3eb055aa28c19691d86c6860
547_SMAP_id_17_Sensor_tr_2133_1st_5400.csv,SMAP,7,Range-96,0.2796075399186544,b56d62d1b32778b281102af0623c206054fab526696d60c7f2ca30a9493f6db8
548_SMAP_id_18_Sensor_tr_2094_1st_5600.csv,SMAP,7,Range-96,0.8281051083350978,e5db2e7f443b5d1ed4f588fd49873f3339c71af69c9db3568a83d24909e94ed6
549_SMAP_id_19_Sensor_tr_1998_1st_2098.csv,SMAP,7,Range-96,0.913886799803171,3e9f90c3146607fd28c652d2e945f22c72a021970f19443c08ad61bf5d6a4267
550_SWaT_id_1_Sensor_tr_43700_1st_43800.csv,SWaT,7,Range-96,0.0983157356002231,5bfacad8722285d70fe3326c51f07002b86bf429f5bf8b5be9b2806debd66784
551_YAHOO_id_1_Synthetic_tr_500_1st_893.csv,YAHOO,7,Range-96,0.2978072654972639,dbcc152f75fe790529fd8c35cc65206402c52f6a9651f8c45c7cd770d71418b1
552_YAHOO_id_2_Synthetic_tr_500_1st_893.csv,YAHOO,7,Range-96,0.2615477298310226,4d23ed893301764a0dc73251288c07023c9923502e4bbf019d3b4d4afe5f9e4c
555_YAHOO_id_5_WebService_tr_500_1st_730.csv,YAHOO,7,Range-96,0.1689024307959534,9f78006d7fd410d789e22ede179d5aecc1f0dcc2552d78365df0ee82a264bb6a
558_YAHOO_id_8_WebService_tr_500_1st_1125.csv,YAHOO,7,Range-96,0.0906274081962109,30c32aaa9087fe4ea68a0d39e8566bccabb08268c5609c50e69ae014aef9e042
562_YAHOO_id_12_Synthetic_tr_500_1st_893.csv,YAHOO,7,Range-96,0.4722262755196521,8a65ef75153e200dd9e83bfbf6100cfe992c4083beb0a72020cf5fd4c951e01d
570_YAHOO_id_20_Synthetic_tr_500_1st_658.csv,YAHOO,7,Range-96,0.0460116642873803,a12cad911f759a908559a6e01054864f1dacb4f5b5d45a037e29d762b838e379
571_YAHOO_id_21_Synthetic_tr_500_1st_623.csv,YAHOO,7,Range-96,0.4485427785873773,7dd77ca5cfc4482808dba4be08454539a293b7e69afce271a655538811f4e60a
579_YAHOO_id_29_WebService_tr_500_1st_1342.csv,YAHOO,7,Range-96,0.3997267991363517,b5b4cd47830e4c7556fbf9386f275815509a32c634b78600421b4c18890b110c
603_YAHOO_id_53_Synthetic_tr_500_1st_893.csv,YAHOO,7,Range-96,0.4722262755196521,5b461333a2225d643643dd81f8d0084b563c6107d602c87b3b8f23463972efeb
644_YAHOO_id_94_WebService_tr_500_1st_1078.csv,YAHOO,7,Range-96,0.0462294451920118,b3e33579cdef073e3b5160799ef97f379d626398085b19dd50077f1abeea05d7
645_YAHOO_id_95_WebService_tr_500_1st_1047.csv,YAHOO,7,Range-96,0.3333770699777108,c5bf2b7dd49a8d9d3bd7f69bf36732c26c78e2b5beac1854cc0a0e277ff08311
649_YAHOO_id_99_WebService_tr_500_1st_1386.csv,YAHOO,7,Range-96,0.2030265261483587,3baeeeed70428386aec112960f65354d9627a12c4f9c6f4868d533562dac2bd5
657_YAHOO_id_107_WebService_tr_500_1st_1260.csv,YAHOO,7,Range-96,0.4781401091565226,ae31949a8d86b90b6dec34f733aa88a755df5a18904f4adcbb812977b21b33cf
658_YAHOO_id_108_Synthetic_tr_500_1st_893.csv,YAHOO,7,Range-96,0.3605257605131096,56520c23d8d73374b147d5785591158c6929ccb11999903f484b3c9e23b3f7aa
672_YAHOO_id_122_WebService_tr_500_1st_857.csv,YAHOO,7,Range-96,0.0760335562883083,2a4766f373ff844d18fc195c34b73e2736fcc8427914468d56e99c7bfb4e98d0
680_YAHOO_id_130_Synthetic_tr_500_1st_893.csv,YAHOO,7,Range-96,0.4890122635835149,185781be4b12d8250857c2b78292b9018e0f45ea75d2a364ff5f8a25c4dd7cc3
689_YAHOO_id_139_WebService_tr_500_1st_1073.csv,YAHOO,7,Range-96,0.5281043874171214,ff345db0acd5f8c151b1d010fded1566ed9082349119f87a35c34f67fbc2cc69
693_YAHOO_id_143_WebService_tr_500_1st_1003.csv,YAHOO,8,Var-96,0.478441346821551,16b6fe4c0d2e28b82630d6455aa6264ef58c4a8bd9574ca38af74198d2fdab1a
701_YAHOO_id_151_Synthetic_tr_500_1st_893.csv,YAHOO,8,Var-96,0.0098394376254451,be61c08e2e1d56f5d0f5cd71d14df42dae789f75a410cb483d4a9b1483d9f33a
723_YAHOO_id_173_WebService_tr_500_1st_1214.csv,YAHOO,8,Var-96,0.3708856480729666,9ade440676268d8c1516f2fabd98cf4e5a29b4d753b8f296d65fd35e2fee0d1d
724_YAHOO_id_174_WebService_tr_500_1st_1030.csv,YAHOO,8,Var-96,0.5961215952743256,8ea1ac25b863e882288333d113c55771b89989f72b47dd053f3d7e7ee272c8f4
734_YAHOO_id_184_WebService_tr_500_1st_768.csv,YAHOO,8,Var-96,0.8769367640985045,58fa2a54e9635ff5b9667e3e392383fca1fec5095aced8fe783d64451a85fa72
741_YAHOO_id_191_WebService_tr_500_1st_1114.csv,YAHOO,8,Var-96,0.0675600125741992,422efc35cc66485fd705190f1173ac18ef1ba6e8ccd02e917fdc99f01af6998e
755_YAHOO_id_205_Synthetic_tr_500_1st_893.csv,YAHOO,8,Var-96,0.7563741760452642,4c7580bf921fed72eb9b7034c93fdf93913d096d7cfb806e69f38b6502d070c4
762_YAHOO_id_212_WebService_tr_500_1st_1055.csv,YAHOO,8,Var-96,0.0103892559027424,b6696e79974eb365c6a168440167bd3c420a16751c98cb3dab7f7741dafa82ec
780_YAHOO_id_230_Synthetic_tr_500_1st_893.csv,YAHOO,8,Var-96,0.009585895374319,d49452f70c738922726335b553f84cda847c4494e86c432c955ec04d3fac4fcf
788_YAHOO_id_238_WebService_tr_500_1st_973.csv,YAHOO,8,Var-96,0.0022718453541161,0d37082059318cc4a4884ace49ca68511d0d7483dc4d1b834d99ad53bd975ba1
797_YAHOO_id_247_Synthetic_tr_500_1st_893.csv,YAHOO,8,Var-96,0.0101536710911638,e575f9f9560afcf4e4007072b4af9a419e9cf192a1fdb1e9fabd7bde559304a7
806_YAHOO_id_256_Synthetic_tr_500_1st_893.csv,YAHOO,8,Var-96,0.0110564771137758,ec9db33e6a2842186e3a40af064d9a13b4f734ac2895b3b19509044fa4d306d9
807_YAHOO_id_257_WebService_tr_500_1st_1210.csv,YAHOO,8,Var-96,0.6831173322597572,6dbbf8122a6ca20c06de6aba6c62e3cd47d2ea77f3433e158be5e847466fe526
810_Exathlon_id_1_Facility_tr_10766_1st_12590.csv,Exathlon,8,Var-96,0.1323277359775506,bbf22c4c0502fc86282451ea4af9beac3eb8ad403f4a664c8c02e1e43e444be5
811_Exathlon_id_2_Facility_tr_10766_1st_12590.csv,Exathlon,8,Var-96,0.9984935222413056,3f8aa95bdcdc44af112fbab5822d4e9576616d6ce6494769f9687eb21adae458
812_Exathlon_id_3_Facility_tr_10766_1st_12590.csv,Exathlon,8,Var-96,0.999191325475803,9700c49430812483ac6de3a6f9fc6b2bce4490966852dc4e00238efbe2902227
814_Exathlon_id_5_Facility_tr_10766_1st_12590.csv,Exathlon,8,Var-96,0.9984935222413056,3f8aa95bdcdc44af112fbab5822d4e9576616d6ce6494769f9687eb21adae458
815_Exathlon_id_6_Facility_tr_10766_1st_12590.csv,Exathlon,8,Var-96,0.999191325475803,9700c49430812483ac6de3a6f9fc6b2bce4490966852dc4e00238efbe2902227
816_Exathlon_id_7_Facility_tr_10766_1st_12590.csv,Exathlon,8,Var-96,0.90863900365263,832b987a41305852a10d63b8fe3c7732f5bbbf057ac97d5ad6e16f5564e1e1e2
817_Exathlon_id_8_Facility_tr_10766_1st_12590.csv,Exathlon,8,Var-96,0.5350058509101299,b70c319e4feb0ce8a0aca7558c4ff13f169e3589babc8f87c9c3342d696c4eab
818_Exathlon_id_9_Facility_tr_11665_1st_13484.csv,Exathlon,8,Var-96,0.9821285431238388,7f8e8fc205fd77d1bb365e6840d9d3c4da94d5f537c1bcda234d89a6e42e1f08
819_Exathlon_id_10_Facility_tr_10766_1st_12590.csv,Exathlon,8,Var-96,0.972779982173634,335ea00906413e7bf0ce4292a11936d85548f63d1c61e5fa46412584eb96732d
820_Exathlon_id_11_Facility_tr_11665_1st_13484.csv,Exathlon,8,Var-96,0.939973644292457,f6c4a93d07eb5b7ed966056233a782771177fce81b629114fa1578356d087f27
821_Exathlon_id_12_Facility_tr_6985_1st_7085.csv,Exathlon,8,Var-96,0.8280192501920446,f627679ce455c4c0da6a25f0cd5673b9dac63c301f9076462257ef4b13f3177a
822_Exathlon_id_13_Facility_tr_10766_1st_12590.csv,Exathlon,8,Var-96,0.5350058509101299,b70c319e4feb0ce8a0aca7558c4ff13f169e3589babc8f87c9c3342d696c4eab
823_Exathlon_id_14_Facility_tr_10766_1st_12590.csv,Exathlon,8,Var-96,0.9523719365077828,14c5e1bba9ca1fe75e5527b4ba4eda9f0debae45df12bfaeb11f71329adf0797
824_Exathlon_id_15_Facility_tr_10766_1st_12590.csv,Exathlon,8,Var-96,0.991736809624206,721d44bf41f455ec6aa0db4811fba18e440a6f7cc79cf5e705cd490dd93900f0
826_Exathlon_id_17_Facility_tr_11665_1st_13484.csv,Exathlon,8,Var-96,0.939973644292457,f6c4a93d07eb5b7ed966056233a782771177fce81b629114fa1578356d087f27
827_Exathlon_id_18_Facility_tr_10766_1st_12590.csv,Exathlon,8,Var-96,0.991736809624206,721d44bf41f455ec6aa0db4811fba18e440a6f7cc79cf5e705cd490dd93900f0
828_Exathlon_id_19_Facility_tr_11663_1st_13482.csv,Exathlon,8,Var-96,0.911389680883888,e9c643dffcc7d866c085da6d22164b4601b85d54d2eca384b153a015e1913e38
829_Exathlon_id_20_Facility_tr_10766_1st_12590.csv,Exathlon,8,Var-96,0.90863900365263,832b987a41305852a10d63b8fe3c7732f5bbbf057ac97d5ad6e16f5564e1e1e2
830_Exathlon_id_21_Facility_tr_10766_1st_12590.csv,Exathlon,8,Var-96,0.9613038096299452,928bc564e0a30346ec6afacab01fe17a1d978cdc0dd01d5ac406114e0c20432f
831_Exathlon_id_22_Facility_tr_11665_1st_13484.csv,Exathlon,8,Var-96,0.939973644292457,f6c4a93d07eb5b7ed966056233a782771177fce81b629114fa1578356d087f27
832_Exathlon_id_23_Facility_tr_10766_1st_12590.csv,Exathlon,8,Var-96,0.90863900365263,832b987a41305852a10d63b8fe3c7732f5bbbf057ac97d5ad6e16f5564e1e1e2
833_Exathlon_id_24_Facility_tr_10766_1st_12590.csv,Exathlon,8,Var-96,0.999191325475803,9700c49430812483ac6de3a6f9fc6b2bce4490966852dc4e00238efbe2902227
834_Exathlon_id_25_Facility_tr_11665_1st_13484.csv,Exathlon,9,Range-96,0.9701505928129596,f6c4a93d07eb5b7ed966056233a782771177fce81b629114fa1578356d087f27
835_Exathlon_id_26_Facility_tr_10766_1st_12590.csv,Exathlon,9,Range-96,0.341859716225267,7e8391fd838f45507aae4e0b3842db3ab2c17ee32eda130ddef2a898642d0f85
836_Exathlon_id_27_Facility_tr_10766_1st_12590.csv,Exathlon,9,Range-96,0.9979656499385298,9700c49430812483ac6de3a6f9fc6b2bce4490966852dc4e00238efbe2902227
837_Exathlon_id_28_Facility_tr_8898_1st_8998.csv,Exathlon,9,Range-96,0.1710510730403057,72350e2a53875b5b370f698b4aa101abfbebc64b9fd69b3ee13f939c9329fbe0
838_Exathlon_id_29_Facility_tr_10766_1st_12590.csv,Exathlon,9,Range-96,0.4016860117373242,b70c319e4feb0ce8a0aca7558c4ff13f169e3589babc8f87c9c3342d696c4eab
839_Exathlon_id_30_Facility_tr_10766_1st_12590.csv,Exathlon,9,Range-96,0.9247512610320688,832b987a41305852a10d63b8fe3c7732f5bbbf057ac97d5ad6e16f5564e1e1e2
840_Exathlon_id_31_Facility_tr_10766_1st_12590.csv,Exathlon,9,Range-96,0.982184256198654,721d44bf41f455ec6aa0db4811fba18e440a6f7cc79cf5e705cd490dd93900f0
841_Exathlon_id_32_Facility_tr_11663_1st_13482.csv,Exathlon,9,Range-96,0.9561494670320072,892bf2e1af3509808296ea6bdd6d49d54baec1e16d2561add294ec49c6c90842
842_OPPORTUNITY_id_1_HumanActivity_tr_7295_1st_27516.csv,OPPORTUNITY,9,Range-96,0.0140025436349508,2400db4166618c1c958c6607704bc1c8554f4db64826ae948584f321e31c6365
843_OPPORTUNITY_id_2_HumanActivity_tr_808_1st_908.csv,OPPORTUNITY,9,Range-96,0.1223993188535403,e5c5404f0c26646cbd7053143373e429f4e73de01b099176e2dbeb8e1061b74d
844_OPPORTUNITY_id_3_HumanActivity_tr_500_1st_566.csv,OPPORTUNITY,9,Range-96,0.0556475790899033,8555cb65c66fd3f2886057387c6f23b22bc133252c85a1798a76d41e9b64ac50
845_OPPORTUNITY_id_4_HumanActivity_tr_7295_1st_27516.csv,OPPORTUNITY,9,Range-96,0.1244985785163681,d8b231eda78b3dc215097d9606b70fa51d8aac6cf76af0d8868554f420ccff76
846_OPPORTUNITY_id_5_HumanActivity_tr_2085_1st_2185.csv,OPPORTUNITY,9,Range-96,0.0850136979539014,8e15c0caaf886b1d98262ba9bc226ac5dcb3264a7f63ed2be63e6d4409034400
847_OPPORTUNITY_id_6_HumanActivity_tr_808_1st_908.csv,OPPORTUNITY,9,Range-96,0.0932846724092387,e1cc56d5828eb6669a61a6b4f79f51487461061b710d9b8d76d868faa0ebdab9
848_OPPORTUNITY_id_7_HumanActivity_tr_1477_1st_1577.csv,OPPORTUNITY,9,Range-96,0.1615267425786025,08dbb6ee5b523a72c49e322802346e8dc83109c2b905e236c20a57158417f76e
849_OPPORTUNITY_id_8_HumanActivity_tr_1100_1st_1200.csv,OPPORTUNITY,9,Range-96,0.2696167861779452,d7a9f60cd5c089acff1390047c452b3566b0effa46a1a3e34347b022e8b7f796
850_OPPORTUNITY_id_9_HumanActivity_tr_895_1st_995.csv,OPPORTUNITY,9,Range-96,0.052611928828241,5d4d673e72e500aaa199fdb15e7f7e8dac67d89438af42facf5ed532ea495f7d
851_OPPORTUNITY_id_10_HumanActivity_tr_6213_1st_7311.csv,OPPORTUNITY,9,Range-96,0.0206193570128186,4fa5a1a45aec8a81588949171d0bae504404677578efc3d5ccd947c269a6216f
853_OPPORTUNITY_id_12_HumanActivity_tr_808_1st_908.csv,OPPORTUNITY,9,Range-96,0.1224402208041748,9e4ba0fed6ae206b9eda059bb1553446d039cbe7b4ce41b5f0f86104f1bc6c4d
854_OPPORTUNITY_id_13_HumanActivity_tr_1477_1st_1577.csv,OPPORTUNITY,9,Range-96,0.3816610374577369,f9b7a8669d2e3e8ccc21763a0390a53226065a49b9bf296fb948085d5a088bea
855_OPPORTUNITY_id_14_HumanActivity_tr_808_1st_908.csv,OPPORTUNITY,9,Range-96,0.0967015533723965,04a3fd011e0f2fc73c0976c931a8cd1de44846e6dec0b9641b721a16ce92406c
856_OPPORTUNITY_id_15_HumanActivity_tr_808_1st_908.csv,OPPORTUNITY,9,Range-96,0.0956766422932217,096e240b1e790f79fc554bd1113c6131e897d0347b98a12844f727f75773d622
857_OPPORTUNITY_id_16_HumanActivity_tr_500_1st_566.csv,OPPORTUNITY,9,Range-96,0.091382784183752,24a3c8725aa785d8c1f0ea9fd300db2081c6accb2c7f6b19f164ce06fa0b8e7c
858_OPPORTUNITY_id_17_HumanActivity_tr_808_1st_908.csv,OPPORTUNITY,9,Range-96,0.1366659030219898,1a77b8554dff710ce67c4f51da3b806eff9587601febdcba9055d3b4410471f1
859_OPPORTUNITY_id_18_HumanActivity_tr_895_1st_995.csv,OPPORTUNITY,9,Range-96,0.0868529717015536,e517ee93bf3b81bccd4d6c7990169138b7817eecc2f0035f364767529e9430cc
860_OPPORTUNITY_id_19_HumanActivity_tr_808_1st_908.csv,OPPORTUNITY,9,Range-96,0.0813944218903342,cc29b054045b7fc792cd06525a817db3a59b2946546b6194b0b4bffe9d6060ad
861_OPPORTUNITY_id_20_HumanActivity_tr_2085_1st_2185.csv,OPPORTUNITY,9,Range-96,0.1461906371081071,ad3723a74f1b94b2d14428297e0308a1d2541ddaf80af756e5a75fe869efbcd9
862_OPPORTUNITY_id_21_HumanActivity_tr_500_1st_566.csv,OPPORTUNITY,9,Range-96,0.0951781720396332,c6236bee5441d2c301b0208ac56e14feb72c8bdbc9736793a04c506e2bbe70ec
863_OPPORTUNITY_id_22_HumanActivity_tr_808_1st_908.csv,OPPORTUNITY,9,Range-96,0.101620666959281,0f840db1d47900f1e05e14ea846344f287ed686a1e941e3c54ce069b2af51c45
865_OPPORTUNITY_id_24_HumanActivity_tr_2085_1st_2185.csv,OPPORTUNITY,9,Range-96,0.2037349042608942,a4863219ae660c928999e0c75edfa2e307aef4ea7ad9279744d54e63b048f80b
866_OPPORTUNITY_id_25_HumanActivity_tr_6213_1st_7311.csv,OPPORTUNITY,9,Range-96,0.0652424960994465,22d9466feba99db1723de73278e6f3bb92825a5aade829705b4713586c42ad92
867_OPPORTUNITY_id_26_HumanActivity_tr_808_1st_908.csv,OPPORTUNITY,9,Range-96,0.078415069051973,2feac88c525afd9d2518e786f5b05bcd15d03dd10c2688324b23d5cce73bba44
868_OPPORTUNITY_id_27_HumanActivity_tr_2085_1st_2185.csv,OPPORTUNITY,9,Range-96,0.0416623227659156,f65bff39a207377deba70066c142a040936e08637b2b72a5987cd34e93b63a62
869_OPPORTUNITY_id_28_HumanActivity_tr_500_1st_566.csv,OPPORTUNITY,9,Range-96,0.0887269377567093,51f0ff23464ef413ae0eafd37c4e964dd1056ba2a797a09882da7ccae1a3092e
870_OPPORTUNITY_id_29_HumanActivity_tr_1477_1st_1577.csv,OPPORTUNITY,9,Range-96,0.2241389207221391,59c62fab6a3d48ce4a852de3f7b0fd242201da671c1cd4c17851341e243a2357
