series_id,dataset_family,trivial_solvability,family_rank,family_n,family_hard20,family_hard30
001_NAB_id_1_Facility_tr_1007_1st_2014.csv,NAB,0.8108489636315479,19.0,23,False,False
002_NAB_id_2_WebService_tr_1500_1st_4106.csv,NAB,0.4304978451568163,11.0,23,False,False
005_NAB_id_5_Traffic_tr_594_1st_1645.csv,NAB,0.1477279057530559,5.0,23,True,True
006_NAB_id_6_Traffic_tr_2579_1st_5839.csv,NAB,0.0914151259297233,1.0,23,True,True
008_NAB_id_8_Synthetic_tr_1007_1st_2734.csv,NAB,0.8323557119570227,21.0,23,False,False
009_NAB_id_9_Traffic_tr_500_1st_438.csv,NAB,0.2485665028887292,9.0,23,False,False
010_NAB_id_10_WebService_tr_500_1st_271.csv,NAB,0.8574402228775063,22.0,23,False,False
011_NAB_id_11_Facility_tr_1007_1st_1526.csv,NAB,0.819746860646268,20.0,23,False,False
013_NAB_id_13_Traffic_tr_623_1st_2084.csv,NAB,0.9192995386770988,23.0,23,False,False
014_NAB_id_14_WebService_tr_500_1st_1045.csv,NAB,0.6837480950134441,17.0,23,False,False
015_NAB_id_15_Synthetic_tr_1007_1st_2787.csv,NAB,0.1070092964882852,2.0,23,True,True
016_NAB_id_16_Environment_tr_1816_1st_3540.csv,NAB,0.1986872279767713,7.0,23,False,True
017_NAB_id_17_Synthetic_tr_1007_1st_1805.csv,NAB,0.369628884355606,10.0,23,False,False
018_NAB_id_18_Facility_tr_500_1st_669.csv,NAB,0.131684679958485,3.0,23,True,True
019_NAB_id_19_Facility_tr_1007_1st_1171.csv,NAB,0.5164440000966274,15.0,23,False,False
020_NAB_id_20_Synthetic_tr_1007_1st_2679.csv,NAB,0.1402411518520244,4.0,23,True,True
022_NAB_id_22_Facility_tr_1007_1st_2980.csv,NAB,0.7528738316421183,18.0,23,False,False
023_NAB_id_23_Facility_tr_4512_1st_16551.csv,NAB,0.1821147975085927,6.0,23,False,True
024_NAB_id_24_Synthetic_tr_1007_1st_2787.csv,NAB,0.4821676313456999,13.0,23,False,False
025_NAB_id_25_WebService_tr_3958_1st_4614.csv,NAB,0.2369211479890528,8.0,23,False,False
026_NAB_id_26_Traffic_tr_624_1st_2261.csv,NAB,0.5144194690864569,14.0,23,False,False
027_NAB_id_27_Facility_tr_757_1st_2582.csv,NAB,0.5472845582562467,16.0,23,False,False
028_NAB_id_28_Facility_tr_1007_1st_3447.csv,NAB,0.4313338155169394,12.0,23,False,False
032_WSD_id_4_WebService_tr_4559_1st_11822.csv,WSD,0.4075866633723919,12.0,20,False,False
039_WSD_id_11_WebService_tr_1746_1st_1846.csv,WSD,0.632287545101147,15.0,20,False,False
040_WSD_id_12_WebService_tr_4559_1st_9714.csv,WSD,0.0170505186696616,2.0,20,True,True
043_WSD_id_15_WebService_tr_4521_1st_6828.csv,WSD,0.0265222858141312,3.0,20,True,True
049_WSD_id_21_WebService_tr_4297_1st_7097.csv,WSD,0.2352071175392046,6.0,20,False,True
054_WSD_id_26_WebService_tr_2409_1st_2509.csv,WSD,0.2699102723236503,8.0,20,False,False
058_WSD_id_30_WebService_tr_1136_1st_1236.csv,WSD,0.634095450838627,16.0,20,False,False
060_WSD_id_32_WebService_tr_4576_1st_4766.csv,WSD,0.5443291266622257,14.0,20,False,False
068_WSD_id_40_WebService_tr_4549_1st_13322.csv,WSD,0.2760263646343864,9.0,20,False,False
074_WSD_id_46_WebService_tr_990_1st_1090.csv,WSD,0.6780159633648133,17.0,20,False,False
089_WSD_id_61_WebService_tr_1010_1st_1110.csv,WSD,0.6888533736159249,18.0,20,False,False
094_WSD_id_66_WebService_tr_3309_1st_3914.csv,WSD,0.1000424488916417,4.0,20,True,True
099_WSD_id_71_WebService_tr_4559_1st_14411.csv,WSD,0.3492967023748903,11.0,20,False,False
106_WSD_id_78_WebService_tr_3363_1st_3463.csv,WSD,0.7138881838098038,20.0,20,False,False
113_WSD_id_85_WebService_tr_500_1st_335.csv,WSD,0.1417243341141802,5.0,20,False,True
117_WSD_id_89_WebService_tr_3251_1st_3351.csv,WSD,0.0129443797312717,1.0,20,True,True
125_WSD_id_97_WebService_tr_2217_1st_2317.csv,WSD,0.2587558990305205,7.0,20,False,False
130_WSD_id_102_WebService_tr_2362_1st_2462.csv,WSD,0.7054218964712657,19.0,20,False,False
137_WSD_id_109_WebService_tr_4559_1st_14404.csv,WSD,0.3482376750817201,10.0,20,False,False
139_WSD_id_111_WebService_tr_1701_1st_1801.csv,WSD,0.5429670948288843,13.0,20,False,False
140_MSL_id_1_Sensor_tr_530_1st_630.csv,MSL,0.7456183754500646,5.0,7,False,False
141_MSL_id_2_Sensor_tr_500_1st_550.csv,MSL,0.3694873972697503,3.0,7,False,True
143_MSL_id_4_Sensor_tr_980_1st_3550.csv,MSL,0.999528470491989,7.0,7,False,False
144_MSL_id_5_Sensor_tr_1525_1st_4590.csv,MSL,0.0184978529843696,1.0,7,True,True
145_MSL_id_6_Sensor_tr_530_1st_630.csv,MSL,0.2741563838063869,2.0,7,True,True
147_MSL_id_8_Sensor_tr_590_1st_690.csv,MSL,0.613112683697757,4.0,7,False,False
148_MSL_id_9_Sensor_tr_883_1st_1238.csv,MSL,0.9165093335550648,6.0,7,False,False
149_Stock_id_1_Finance_tr_500_1st_7.csv,Stock,0.8477273947676295,3.0,8,False,True
151_Stock_id_3_Finance_tr_500_1st_62.csv,Stock,0.8441636427718889,2.0,8,True,True
155_Stock_id_7_Finance_tr_500_1st_18.csv,Stock,0.8482387965209922,4.0,8,False,False
156_Stock_id_8_Finance_tr_500_1st_24.csv,Stock,0.8309007403241936,1.0,8,True,True
160_Stock_id_12_Finance_tr_500_1st_14.csv,Stock,0.8497117040080072,5.0,8,False,False
162_Stock_id_14_Finance_tr_500_1st_4.csv,Stock,0.9388830416906782,7.0,8,False,False
165_Stock_id_17_Finance_tr_500_1st_7.csv,Stock,0.9379253120240512,6.0,8,False,False
166_Stock_id_18_Finance_tr_500_1st_18.csv,Stock,0.93956712347127,8.0,8,False,False
169_Daphnet_id_1_HumanActivity_tr_9693_1st_20732.csv,Daphnet,0.5510951119505825,1.0,1,True,True
170_MITDB_id_1_Medical_tr_17675_1st_17775.csv,MITDB,0.0538194512562252,2.0,7,True,True
171_MITDB_id_2_Medical_tr_50000_1st_88864.csv,MITDB,0.4593055851451805,6.0,7,False,False
172_MITDB_id_3_Medical_tr_27274_1st_27374.csv,MITDB,0.0202321351880938,1.0,7,True,True
173_MITDB_id_4_Medical_tr_13620_1st_13720.csv,MITDB,0.1136483934395059,5.0,7,False,False
175_MITDB_id_6_Medical_tr_27274_1st_27374.csv,MITDB,0.0771125600446458,4.0,7,False,False
176_MITDB_id_7_Medical_tr_6232_1st_6332.csv,MITDB,0.4705658521119502,7.0,7,False,False
177_MITDB_id_8_Medical_tr_17675_1st_17775.csv,MITDB,0.0546047796935896,3.0,7,False,True
178_SMD_id_1_Facility_tr_6000_1st_10609.csv,SMD,0.1324057345242852,1.0,33,True,True
179_SMD_id_2_Facility_tr_5925_1st_17580.csv,SMD,0.9578094619906924,27.0,33,False,False
180_SMD_id_3_Facility_tr_5925_1st_17580.csv,SMD,0.9764205042704972,32.0,33,False,False
181_SMD_id_4_Facility_tr_5000_1st_15144.csv,SMD,0.6432500351741911,12.0,33,False,False
183_SMD_id_6_Facility_tr_5925_1st_17580.csv,SMD,0.9695614713299736,31.0,33,False,False
184_SMD_id_7_Facility_tr_7119_1st_15849.csv,SMD,0.664555884210116,15.0,33,False,False
185_SMD_id_8_Facility_tr_5000_1st_15144.csv,SMD,0.6485428367131698,14.0,33,False,False
187_SMD_id_10_Facility_tr_5000_1st_15849.csv,SMD,0.354033422406992,5.0,33,True,True
188_SMD_id_11_Facility_tr_500_1st_392.csv,SMD,0.4814190654700253,7.0,33,True,True
189_SMD_id_12_Facility_tr_5925_1st_17580.csv,SMD,0.9251147158600392,24.0,33,False,False
190_SMD_id_13_Facility_tr_7119_1st_15849.csv,SMD,0.5977445022495732,10.0,33,False,True
191_SMD_id_14_Facility_tr_4596_1st_4696.csv,SMD,0.904383312668399,23.0,33,False,False
192_SMD_id_15_Facility_tr_5925_1st_17580.csv,SMD,0.9417797807168908,25.0,33,False,False
194_SMD_id_17_Facility_tr_5925_1st_17580.csv,SMD,0.7258182961272628,19.0,33,False,False
195_SMD_id_18_Facility_tr_5925_1st_17580.csv,SMD,0.967392857362946,30.0,33,False,False
196_SMD_id_19_Facility_tr_7174_1st_21230.csv,SMD,0.6803638169486403,17.0,33,False,False
197_SMD_id_20_Facility_tr_5000_1st_15144.csv,SMD,0.6646263815121447,16.0,33,False,False
198_SMD_id_21_Facility_tr_5925_1st_17580.csv,SMD,0.7066711312296642,18.0,33,False,False
199_SMD_id_22_Facility_tr_5925_1st_17580.csv,SMD,0.9618797777947397,28.0,33,False,False
201_SMD_id_24_Facility_tr_7174_1st_21230.csv,SMD,0.5738931960595013,9.0,33,False,True
202_SMD_id_25_Facility_tr_6250_1st_21230.csv,SMD,0.3539715377474873,4.0,33,True,True
203_SMD_id_26_Facility_tr_7174_1st_21230.csv,SMD,0.5582346838424732,8.0,33,False,True
204_SMD_id_27_Facility_tr_5000_1st_15144.csv,SMD,0.4770958221450661,6.0,33,True,True
205_SMD_id_28_Facility_tr_5925_1st_17580.csv,SMD,0.9656310456413584,29.0,33,False,False
206_SMD_id_29_Facility_tr_6250_1st_21230.csv,SMD,0.3510422492997242,3.0,33,True,True
207_SMD_id_30_Facility_tr_7174_1st_21230.csv,SMD,0.6154380775799698,11.0,33,False,False
208_SMD_id_31_Facility_tr_5000_1st_15144.csv,SMD,0.6483318592410899,13.0,33,False,False
209_SMD_id_32_Facility_tr_5925_1st_17580.csv,SMD,0.1671371113162625,2.0,33,True,True
211_SMD_id_34_Facility_tr_5925_1st_17580.csv,SMD,0.9463557294487656,26.0,33,False,False
212_SMD_id_35_Facility_tr_5925_1st_17580.csv,SMD,0.8800888835294081,20.0,33,False,False
213_SMD_id_36_Facility_tr_5925_1st_17580.csv,SMD,0.9793512952793058,33.0,33,False,False
214_SMD_id_37_Facility_tr_5925_1st_17580.csv,SMD,0.8850864125440946,22.0,33,False,False
215_SMD_id_38_Facility_tr_5925_1st_17580.csv,SMD,0.8833728556976681,21.0,33,False,False
216_LTDB_id_1_Medical_tr_500_1st_266.csv,LTDB,0.141996816002892,2.0,8,True,True
218_LTDB_id_3_Medical_tr_500_1st_266.csv,LTDB,0.1288272028104637,1.0,8,True,True
219_LTDB_id_4_Medical_tr_3618_1st_3718.csv,LTDB,0.3693873035123924,5.0,8,False,False
220_LTDB_id_5_Medical_tr_500_1st_26.csv,LTDB,0.526285069762229,8.0,8,False,False
221_LTDB_id_6_Medical_tr_500_1st_26.csv,LTDB,0.3903037179816011,6.0,8,False,False
222_LTDB_id_7_Medical_tr_3618_1st_3718.csv,LTDB,0.5127922944959832,7.0,8,False,False
223_LTDB_id_8_Medical_tr_4456_1st_4556.csv,LTDB,0.1801243028541486,3.0,8,False,True
224_LTDB_id_9_Medical_tr_4456_1st_4556.csv,LTDB,0.2762243808256645,4.0,8,False,False
225_MGAB_id_1_Synthetic_tr_25000_1st_38478.csv,MGAB,0.0064189910451274,6.0,8,False,False
226_MGAB_id_2_Synthetic_tr_20000_1st_45134.csv,MGAB,0.0049030608543032,2.0,8,True,True
227_MGAB_id_3_Synthetic_tr_25000_1st_44340.csv,MGAB,0.0082731235723397,8.0,8,False,False
228_MGAB_id_4_Synthetic_tr_25000_1st_38948.csv,MGAB,0.0079724662162848,7.0,8,False,False
229_MGAB_id_5_Synthetic_tr_25000_1st_33098.csv,MGAB,0.0063142583880001,5.0,8,False,False
231_MGAB_id_7_Synthetic_tr_25000_1st_35544.csv,MGAB,0.0061152788758075,4.0,8,False,False
232_MGAB_id_8_Synthetic_tr_25000_1st_32708.csv,MGAB,0.0059594464379094,3.0,8,False,True
233_MGAB_id_9_Synthetic_tr_25000_1st_41300.csv,MGAB,0.0046527071168083,1.0,8,True,True
234_SED_id_1_Medical_tr_3740_1st_3840.csv,SED,0.0741400045004719,2.0,2,False,False
236_SED_id_3_Medical_tr_3740_1st_3840.csv,SED,0.0676904237403098,1.0,2,True,True
237_SVDB_id_1_Medical_tr_11587_1st_11687.csv,SVDB,0.2383356842523809,18.0,18,False,False
238_SVDB_id_2_Medical_tr_25000_1st_71963.csv,SVDB,0.0717279420917105,8.0,18,False,False
239_SVDB_id_3_Medical_tr_50000_1st_106634.csv,SVDB,0.0551339688886856,5.0,18,False,True
240_SVDB_id_4_Medical_tr_18462_1st_18562.csv,SVDB,0.1047772584713875,11.0,18,False,False
241_SVDB_id_5_Medical_tr_11587_1st_11687.csv,SVDB,0.0955418428298499,10.0,18,False,False
243_SVDB_id_7_Medical_tr_11393_1st_11493.csv,SVDB,0.0743639967180695,9.0,18,False,False
244_SVDB_id_8_Medical_tr_17803_1st_17903.csv,SVDB,0.0487866475078525,4.0,18,True,True
245_SVDB_id_9_Medical_tr_12607_1st_12707.csv,SVDB,0.1990714658955313,15.0,18,False,False
246_SVDB_id_10_Medical_tr_20100_1st_68460.csv,SVDB,0.0158135034097222,1.0,18,True,True
247_SVDB_id_11_Medical_tr_20100_1st_23611.csv,SVDB,0.1106616542208555,12.0,18,False,False
248_SVDB_id_12_Medical_tr_18462_1st_18562.csv,SVDB,0.2031804629463258,16.0,18,False,False
249_SVDB_id_13_Medical_tr_50000_1st_54982.csv,SVDB,0.1360100742232855,13.0,18,False,False
250_SVDB_id_14_Medical_tr_50000_1st_107354.csv,SVDB,0.0623166913143989,7.0,18,False,False
251_SVDB_id_15_Medical_tr_5421_1st_5521.csv,SVDB,0.2060624319724122,17.0,18,False,False
253_SVDB_id_17_Medical_tr_17803_1st_17903.csv,SVDB,0.0370910759472846,2.0,18,True,True
254_SVDB_id_18_Medical_tr_30824_1st_30924.csv,SVDB,0.0556945043410273,6.0,18,False,True
255_SVDB_id_19_Medical_tr_50000_1st_54982.csv,SVDB,0.136827903467393,14.0,18,False,False
256_SVDB_id_20_Medical_tr_6264_1st_6364.csv,SVDB,0.0466630758807724,3.0,18,True,True
257_TAO_id_1_Environment_tr_500_1st_3.csv,TAO,0.9072332142193976,1.0,2,True,True
258_TAO_id_2_Environment_tr_500_1st_4.csv,TAO,0.9254318447716308,2.0,2,False,False
260_IOPS_id_1_WebService_tr_5000_1st_11804.csv,IOPS,0.8382200709577409,15.0,15,False,False
261_IOPS_id_2_WebService_tr_2178_1st_2278.csv,IOPS,0.7485735326964925,14.0,15,False,False
262_IOPS_id_3_WebService_tr_7028_1st_7128.csv,IOPS,0.2285823529745505,4.0,15,False,True
263_IOPS_id_4_WebService_tr_3482_1st_3582.csv,IOPS,0.5939648380347922,12.0,15,False,False
264_IOPS_id_5_WebService_tr_11665_1st_11765.csv,IOPS,0.244546372214633,5.0,15,False,True
266_IOPS_id_7_WebService_tr_4010_1st_4110.csv,IOPS,0.474169117498702,7.0,15,False,False
267_IOPS_id_8_WebService_tr_1534_1st_1882.csv,IOPS,0.1096968025901335,2.0,15,True,True
268_IOPS_id_9_WebService_tr_6216_1st_6316.csv,IOPS,0.571021511767995,10.0,15,False,False
269_IOPS_id_10_WebService_tr_1216_1st_1728.csv,IOPS,0.6226761276265599,13.0,15,False,False
271_IOPS_id_12_WebService_tr_500_1st_341.csv,IOPS,0.1305668080534895,3.0,15,True,True
272_IOPS_id_13_WebService_tr_3442_1st_3542.csv,IOPS,0.5283014468234024,9.0,15,False,False
273_IOPS_id_14_WebService_tr_5569_1st_5669.csv,IOPS,0.4273879750890611,6.0,15,False,False
274_IOPS_id_15_WebService_tr_4591_1st_4691.csv,IOPS,0.5742954568045193,11.0,15,False,False
275_IOPS_id_16_WebService_tr_1482_1st_1582.csv,IOPS,0.1007479216328137,1.0,15,True,True
276_IOPS_id_17_WebService_tr_19197_1st_19297.csv,IOPS,0.5186184056718592,8.0,15,False,False
277_NEK_id_1_WebService_tr_500_1st_17.csv,NEK,0.9128611007596336,7.0,8,False,False
278_NEK_id_2_WebService_tr_500_1st_64.csv,NEK,0.6794462198060293,2.0,8,True,True
279_NEK_id_3_WebService_tr_500_1st_974.csv,NEK,0.790591734253404,4.0,8,False,False
281_NEK_id_5_WebService_tr_500_1st_974.csv,NEK,0.928259971578684,8.0,8,False,False
282_NEK_id_6_WebService_tr_500_1st_64.csv,NEK,0.6241577172365355,1.0,8,True,True
283_NEK_id_7_WebService_tr_500_1st_777.csv,NEK,0.8066926823390149,5.0,8,False,False
284_NEK_id_8_WebService_tr_500_1st_976.csv,NEK,0.9019306331006244,6.0,8,False,False
285_NEK_id_9_WebService_tr_500_1st_780.csv,NEK,0.7498987870196107,3.0,8,False,True
286_CATSv2_id_1_Sensor_tr_17792_1st_17892.csv,CATSv2,0.2481800627100949,1.0,1,True,True
287_TODS_id_1_Synthetic_tr_500_1st_11.csv,TODS,0.8201644718326575,12.0,13,False,False
288_TODS_id_2_Synthetic_tr_500_1st_65.csv,TODS,0.7525220860836099,10.0,13,False,False
289_TODS_id_3_Synthetic_tr_500_1st_26.csv,TODS,0.6207396143511987,6.0,13,False,False
290_TODS_id_4_Synthetic_tr_500_1st_26.csv,TODS,0.5120819369215988,5.0,13,False,False
292_TODS_id_6_Synthetic_tr_500_1st_11.csv,TODS,0.8276024699675681,13.0,13,False,False
293_TODS_id_7_Synthetic_tr_500_1st_7.csv,TODS,0.2124342486381731,2.0,13,True,True
294_TODS_id_8_Synthetic_tr_500_1st_200.csv,TODS,0.1424210917151336,1.0,13,True,True
295_TODS_id_9_Synthetic_tr_1250_1st_2046.csv,TODS,0.4359584871928872,4.0,13,False,True
296_TODS_id_10_Synthetic_tr_500_1st_26.csv,TODS,0.7693498722062214,11.0,13,False,False
297_TODS_id_11_Synthetic_tr_500_1st_7.csv,TODS,0.6794385059037819,8.0,13,False,False
298_TODS_id_12_Synthetic_tr_500_1st_0.csv,TODS,0.6558727895126857,7.0,13,False,False
299_TODS_id_13_Synthetic_tr_500_1st_65.csv,TODS,0.7230033242975931,9.0,13,False,False
301_TODS_id_15_Synthetic_tr_500_1st_245.csv,TODS,0.2552185050002578,3.0,13,True,True
302_Power_id_1_Facility_tr_7685_1st_7785.csv,Power,0.073129504975594,1.0,1,True,True
304_UCR_id_2_Medical_tr_2499_1st_7000.csv,UCR,0.440096558963556,63.0,70,False,False
307_UCR_id_5_Facility_tr_29895_1st_39240.csv,UCR,0.0089493026868471,25.0,70,False,False
309_UCR_id_7_Medical_tr_3000_1st_5948.csv,UCR,0.0058073855639665,16.0,70,False,True
310_UCR_id_8_HumanActivity_tr_2631_1st_8285.csv,UCR,0.005304779432854,13.0,70,True,True
311_UCR_id_9_HumanActivity_tr_16000_1st_38400.csv,UCR,0.0118755188959218,35.0,70,False,False
313_UCR_id_11_Sensor_tr_2827_1st_4711.csv,UCR,0.0089323140116266,24.0,70,False,False
315_UCR_id_13_HumanActivity_tr_16000_1st_33070.csv,UCR,0.2827733791674824,57.0,70,False,False
316_UCR_id_14_Sensor_tr_2833_1st_5988.csv,UCR,0.0167960159474028,40.0,70,False,False
319_UCR_id_17_Environment_tr_6166_1st_19280.csv,UCR,0.9251797598317102,70.0,70,False,False
326_UCR_id_24_Medical_tr_1875_1st_4187.csv,UCR,0.0110387189667133,32.0,70,False,False
331_UCR_id_29_Facility_tr_50000_1st_837400.csv,UCR,0.0018430744496702,5.0,70,True,True
332_UCR_id_30_Facility_tr_13750_1st_52600.csv,UCR,0.0038818335076455,9.0,70,True,True
334_UCR_id_32_HumanActivity_tr_1671_1st_2764.csv,UCR,0.0276828926031912,47.0,70,False,False
339_UCR_id_37_Sensor_tr_2750_1st_5400.csv,UCR,0.3203984353419056,59.0,70,False,False
341_UCR_id_39_HumanActivity_tr_48812_1st_128430.csv,UCR,1.662096453973734e-05,1.0,70,True,True
344_UCR_id_42_Sensor_tr_2851_1st_5365.csv,UCR,0.0047118947672775,12.0,70,True,True
346_UCR_id_44_Medical_tr_7456_1st_17390.csv,UCR,0.0031729836171605,6.0,70,True,True
349_UCR_id_47_Facility_tr_29954_1st_74900.csv,UCR,0.0036866275544253,8.0,70,True,True
355_UCR_id_53_HumanActivity_tr_48750_1st_143411.csv,UCR,0.0017158586767013,4.0,70,True,True
358_UCR_id_56_Facility_tr_10500_1st_29080.csv,UCR,0.0098569325956885,28.0,70,False,False
361_UCR_id_59_Medical_tr_3000_1st_7175.csv,UCR,0.0168888989306866,41.0,70,False,False
364_UCR_id_62_Sensor_tr_2833_1st_5988.csv,UCR,0.0139181055070864,37.0,70,False,False
369_UCR_id_67_Sensor_tr_2750_1st_5400.csv,UCR,0.3790011687195478,61.0,70,False,False
371_UCR_id_69_Medical_tr_1853_1st_6200.csv,UCR,0.0406861453335001,49.0,70,False,False
373_UCR_id_71_Sensor_tr_2827_1st_5988.csv,UCR,0.3159170759812396,58.0,70,False,False
381_UCR_id_79_HumanActivity_tr_16000_1st_31200.csv,UCR,0.0096019329551562,26.0,70,False,False
382_UCR_id_80_Medical_tr_7500_1st_11800.csv,UCR,0.7909153364329955,68.0,70,False,False
385_UCR_id_83_Environment_tr_2046_1st_6006.csv,UCR,0.0790481558414897,51.0,70,False,False
387_UCR_id_85_Environment_tr_2046_1st_5549.csv,UCR,0.1204657671883585,55.0,70,False,False
391_UCR_id_89_Medical_tr_1875_1st_5759.csv,UCR,0.0240636984603733,45.0,70,False,False
393_UCR_id_91_Environment_tr_2046_1st_4852.csv,UCR,0.0125144079521303,36.0,70,False,False
396_UCR_id_94_Medical_tr_1875_1st_5607.csv,UCR,0.020296128227039,43.0,70,False,False
400_UCR_id_98_Environment_tr_2046_1st_5391.csv,UCR,0.0110557652224777,33.0,70,False,False
401_UCR_id_99_HumanActivity_tr_1671_1st_5920.csv,UCR,0.7026705251717701,65.0,70,False,False
405_UCR_id_103_Sensor_tr_2827_1st_5988.csv,UCR,0.5406292775523006,64.0,70,False,False
406_UCR_id_104_Facility_tr_20000_1st_67950.csv,UCR,0.178711668936115,56.0,70,False,False
411_UCR_id_109_Environment_tr_2046_1st_4852.csv,UCR,0.0118237113554833,34.0,70,False,False
415_UCR_id_113_Medical_tr_3000_1st_8612.csv,UCR,0.0881289580524798,54.0,70,False,False
417_UCR_id_115_Sensor_tr_2750_1st_5400.csv,UCR,0.3623107554582757,60.0,70,False,False
419_UCR_id_117_Facility_tr_3000_1st_6168.csv,UCR,0.0148162040978393,39.0,70,False,False
420_UCR_id_118_Facility_tr_13750_1st_52600.csv,UCR,0.4342122403073687,62.0,70,False,False
421_UCR_id_119_HumanActivity_tr_48750_1st_130700.csv,UCR,0.0103170463073996,29.0,70,False,False
426_UCR_id_124_Sensor_tr_2827_1st_4711.csv,UCR,0.0079270794053781,22.0,70,False,False
430_UCR_id_128_HumanActivity_tr_12500_1st_46500.csv,UCR,0.0079084363588106,21.0,70,False,True
432_UCR_id_130_Facility_tr_23000_1st_26970.csv,UCR,0.0271965630562935,46.0,70,False,False
436_UCR_id_134_Medical_tr_1875_1st_4526.csv,UCR,0.0055868416886755,14.0,70,True,True
437_UCR_id_135_Medical_tr_2499_1st_8000.csv,UCR,0.0295370808898975,48.0,70,False,False
439_UCR_id_137_HumanActivity_tr_48750_1st_110800.csv,UCR,0.0011920505025954,3.0,70,True,True
445_UCR_id_143_Environment_tr_6166_1st_19280.csv,UCR,0.7621493792887928,66.0,70,False,False
449_UCR_id_147_Sensor_tr_2847_1st_9330.csv,UCR,0.0033980068070077,7.0,70,True,True
452_UCR_id_150_Facility_tr_10000_1st_35774.csv,UCR,0.8152274465466416,69.0,70,False,False
459_UCR_id_157_HumanActivity_tr_50000_1st_110260.csv,UCR,0.000584520982795,2.0,70,True,True
463_UCR_id_161_Environment_tr_2046_1st_6006.csv,UCR,0.0716145006484501,50.0,70,False,False
467_UCR_id_165_Environment_tr_6166_1st_19280.csv,UCR,0.7630413845431004,67.0,70,False,False
471_UCR_id_169_Facility_tr_10000_1st_35774.csv,UCR,0.0207435886952977,44.0,70,False,False
473_UCR_id_171_HumanActivity_tr_2617_1st_7290.csv,UCR,0.0195124797704293,42.0,70,False,False
474_UCR_id_172_Environment_tr_2046_1st_6520.csv,UCR,0.0104839701608752,30.0,70,False,False
493_UCR_id_191_Sensor_tr_2847_1st_9330.csv,UCR,0.0065160927695641,17.0,70,False,True
494_UCR_id_192_Facility_tr_22500_1st_72150.csv,UCR,0.0056952690639804,15.0,70,False,True
495_UCR_id_193_Environment_tr_2046_1st_6520.csv,UCR,0.0109448504784939,31.0,70,False,False
496_UCR_id_194_Environment_tr_2046_1st_5391.csv,UCR,0.0096685399284025,27.0,70,False,False
499_UCR_id_197_Environment_tr_2046_1st_5703.csv,UCR,0.0068298833244657,18.0,70,False,True
500_UCR_id_198_Facility_tr_7482_1st_23357.csv,UCR,0.0075953749519693,20.0,70,False,True
504_UCR_id_202_Environment_tr_2046_1st_5549.csv,UCR,0.0851055243888092,53.0,70,False,False
506_UCR_id_204_Environment_tr_2046_1st_5549.csv,UCR,0.0796885497997227,52.0,70,False,False
516_UCR_id_214_HumanActivity_tr_2108_1st_4702.csv,UCR,0.0089021521473231,23.0,70,False,False
517_UCR_id_215_Facility_tr_7482_1st_24005.csv,UCR,0.0140451578107601,38.0,70,False,False
525_UCR_id_223_Facility_tr_50000_1st_250720.csv,UCR,0.0042099770581549,11.0,70,True,True
526_UCR_id_224_Sensor_tr_2827_1st_4711.csv,UCR,0.0070683160579517,19.0,70,False,True
530_UCR_id_228_HumanActivity_tr_16250_1st_38500.csv,UCR,0.0041724406309377,10.0,70,True,True
531_SMAP_id_1_Sensor_tr_1811_1st_4510.csv,SMAP,0.9538411132536768,15.0,17,False,False
532_SMAP_id_2_Sensor_tr_2075_1st_5550.csv,SMAP,0.4564323113927234,6.0,17,False,True
533_SMAP_id_3_Sensor_tr_2052_1st_5300.csv,SMAP,0.9999902159943658,17.0,17,False,False
534_SMAP_id_4_Sensor_tr_1968_1st_4370.csv,SMAP,0.838262709354907,11.0,17,False,False
536_SMAP_id_6_Sensor_tr_2160_1st_5600.csv,SMAP,0.9457270310693968,14.0,17,False,False
537_SMAP_id_7_Sensor_tr_2077_1st_5394.csv,SMAP,0.9989961153104892,16.0,17,False,False
538_SMAP_id_8_Sensor_tr_2007_1st_3650.csv,SMAP,0.1809144602098856,4.0,17,True,True
539_SMAP_id_9_Sensor_tr_1857_1st_4270.csv,SMAP,0.9082344746497092,12.0,17,False,False
540_SMAP_id_10_Sensor_tr_2051_1st_4575.csv,SMAP,0.0981806090466309,3.0,17,True,True
541_SMAP_id_11_Sensor_tr_1832_1st_5300.csv,SMAP,0.7606254619058735,8.0,17,False,False
542_SMAP_id_12_Sensor_tr_1908_1st_4690.csv,SMAP,0.7125486902417849,7.0,17,False,False
544_SMAP_id_14_Sensor_tr_1978_1st_4450.csv,SMAP,0.0129375193242564,1.0,17,True,True
545_SMAP_id_15_Sensor_tr_1173_1st_2750.csv,SMAP,0.8246966419924258,9.0,17,False,False
546_SMAP_id_16_Sensor_tr_2117_1st_4770.csv,SMAP,0.0243827333629086,2.0,17,True,True
547_SMAP_id_17_Sensor_tr_2133_1st_5400.csv,SMAP,0.2796075399186544,5.0,17,False,True
548_SMAP_id_18_Sensor_tr_2094_1st_5600.csv,SMAP,0.8281051083350978,10.0,17,False,False
549_SMAP_id_19_Sensor_tr_1998_1st_2098.csv,SMAP,0.913886799803171,13.0,17,False,False
550_SWaT_id_1_Sensor_tr_43700_1st_43800.csv,SWaT,0.0983157356002231,1.0,1,True,True
551_YAHOO_id_1_Synthetic_tr_500_1st_893.csv,YAHOO,0.2978072654972639,15.0,30,False,False
552_YAHOO_id_2_Synthetic_tr_500_1st_893.csv,YAHOO,0.2615477298310226,14.0,30,False,False
555_YAHOO_id_5_WebService_tr_500_1st_730.csv,YAHOO,0.1689024307959534,12.0,30,False,False
558_YAHOO_id_8_WebService_tr_500_1st_1125.csv,YAHOO,0.0906274081962109,11.0,30,False,False
562_YAHOO_id_12_Synthetic_tr_500_1st_893.csv,YAHOO,0.4722262755196521,21.0,30,False,False
570_YAHOO_id_20_Synthetic_tr_500_1st_658.csv,YAHOO,0.0460116642873803,7.0,30,False,True
571_YAHOO_id_21_Synthetic_tr_500_1st_623.csv,YAHOO,0.4485427785873773,20.0,30,False,False
579_YAHOO_id_29_WebService_tr_500_1st_1342.csv,YAHOO,0.3997267991363517,19.0,30,False,False
603_YAHOO_id_53_Synthetic_tr_500_1st_893.csv,YAHOO,0.4722262755196521,22.0,30,False,False
644_YAHOO_id_94_WebService_tr_500_1st_1078.csv,YAHOO,0.0462294451920118,8.0,30,False,True
645_YAHOO_id_95_WebService_tr_500_1st_1047.csv,YAHOO,0.3333770699777108,16.0,30,False,False
649_YAHOO_id_99_WebService_tr_500_1st_1386.csv,YAHOO,0.2030265261483587,13.0,30,False,False
657_YAHOO_id_107_WebService_tr_500_1st_1260.csv,YAHOO,0.4781401091565226,23.0,30,False,False
658_YAHOO_id_108_Synthetic_tr_500_1st_893.csv,YAHOO,0.3605257605131096,17.0,30,False,False
672_YAHOO_id_122_WebService_tr_500_1st_857.csv,YAHOO,0.0760335562883083,10.0,30,False,False
680_YAHOO_id_130_Synthetic_tr_500_1st_893.csv,YAHOO,0.4890122635835149,25.0,30,False,False
689_YAHOO_id_139_WebService_tr_500_1st_1073.csv,YAHOO,0.5281043874171214,26.0,30,False,False
693_YAHOO_id_143_WebService_tr_500_1st_1003.csv,YAHOO,0.478441346821551,24.0,30,False,False
701_YAHOO_id_151_Synthetic_tr_500_1st_893.csv,YAHOO,0.0098394376254451,3.0,30,True,True
723_YAHOO_id_173_WebService_tr_500_1st_1214.csv,YAHOO,0.3708856480729666,18.0,30,False,False
724_YAHOO_id_174_WebService_tr_500_1st_1030.csv,YAHOO,0.5961215952743256,27.0,30,False,False
734_YAHOO_id_184_WebService_tr_500_1st_768.csv,YAHOO,0.8769367640985045,30.0,30,False,False
741_YAHOO_id_191_WebService_tr_500_1st_1114.csv,YAHOO,0.0675600125741992,9.0,30,False,True
755_YAHOO_id_205_Synthetic_tr_500_1st_893.csv,YAHOO,0.7563741760452642,29.0,30,False,False
762_YAHOO_id_212_WebService_tr_500_1st_1055.csv,YAHOO,0.0103892559027424,5.0,30,True,True
780_YAHOO_id_230_Synthetic_tr_500_1st_893.csv,YAHOO,0.009585895374319,2.0,30,True,True
788_YAHOO_id_238_WebService_tr_500_1st_973.csv,YAHOO,0.0022718453541161,1.0,30,True,True
797_YAHOO_id_247_Synthetic_tr_500_1st_893.csv,YAHOO,0.0101536710911638,4.0,30,True,True
806_YAHOO_id_256_Synthetic_tr_500_1st_893.csv,YAHOO,0.0110564771137758,6.0,30,True,True
807_YAHOO_id_257_WebService_tr_500_1st_1210.csv,YAHOO,0.6831173322597572,28.0,30,False,False
810_Exathlon_id_1_Facility_tr_10766_1st_12590.csv,Exathlon,0.1323277359775506,1.0,30,True,True
811_Exathlon_id_2_Facility_tr_10766_1st_12590.csv,Exathlon,0.9984935222413056,25.0,30,False,False
812_Exathlon_id_3_Facility_tr_10766_1st_12590.csv,Exathlon,0.999191325475803,27.0,30,False,False
814_Exathlon_id_5_Facility_tr_10766_1st_12590.csv,Exathlon,0.9984935222413056,26.0,30,False,False
815_Exathlon_id_6_Facility_tr_10766_1st_12590.csv,Exathlon,0.999191325475803,28.0,30,False,False
816_Exathlon_id_7_Facility_tr_10766_1st_12590.csv,Exathlon,0.90863900365263,8.0,30,False,True
817_Exathlon_id_8_Facility_tr_10766_1st_12590.csv,Exathlon,0.5350058509101299,4.0,30,True,True
818_Exathlon_id_9_Facility_tr_11665_1st_13484.csv,Exathlon,0.9821285431238388,21.0,30,False,False
819_Exathlon_id_10_Facility_tr_10766_1st_12590.csv,Exathlon,0.972779982173634,20.0,30,False,False
820_Exathlon_id_11_Facility_tr_11665_1st_13484.csv,Exathlon,0.939973644292457,14.0,30,False,False
821_Exathlon_id_12_Facility_tr_6985_1st_7085.csv,Exathlon,0.8280192501920446,7.0,30,False,True
822_Exathlon_id_13_Facility_tr_10766_1st_12590.csv,Exathlon,0.5350058509101299,5.0,30,True,True
823_Exathlon_id_14_Facility_tr_10766_1st_12590.csv,Exathlon,0.9523719365077828,18.0,30,False,False
824_Exathlon_id_15_Facility_tr_10766_1st_12590.csv,Exathlon,0.991736809624206,22.0,30,False,False
826_Exathlon_id_17_Facility_tr_11665_1st_13484.csv,Exathlon,0.939973644292457,15.0,30,False,False
827_Exathlon_id_18_Facility_tr_10766_1st_12590.csv,Exathlon,0.991736809624206,23.0,30,False,False
828_Exathlon_id_19_Facility_tr_11663_1st_13482.csv,Exathlon,0.911389680883888,12.0,30,False,False
829_Exathlon_id_20_Facility_tr_10766_1st_12590.csv,Exathlon,0.90863900365263,9.0,30,False,True
830_Exathlon_id_21_Facility_tr_10766_1st_12590.csv,Exathlon,0.9613038096299452,19.0,30,False,False
831_Exathlon_id_22_Facility_tr_11665_1st_13484.csv,Exathlon,0.939973644292457,16.0,30,False,False
832_Exathlon_id_23_Facility_tr_10766_1st_12590.csv,Exathlon,0.90863900365263,10.0,30,False,False
833_Exathlon_id_24_Facility_tr_10766_1st_12590.csv,Exathlon,0.999191325475803,29.0,30,False,False
834_Exathlon_id_25_Facility_tr_11665_1st_13484.csv,Exathlon,0.939973644292457,17.0,30,False,False
835_Exathlon_id_26_Facility_tr_10766_1st_12590.csv,Exathlon,0.3912358877850995,3.0,30,True,True
836_Exathlon_id_27_Facility_tr_10766_1st_12590.csv,Exathlon,0.999191325475803,30.0,30,False,False
837_Exathlon_id_28_Facility_tr_8898_1st_8998.csv,Exathlon,0.1974006011951018,2.0,30,True,True
838_Exathlon_id_29_Facility_tr_10766_1st_12590.csv,Exathlon,0.5350058509101299,6.0,30,True,True
839_Exathlon_id_30_Facility_tr_10766_1st_12590.csv,Exathlon,0.90863900365263,11.0,30,False,False
840_Exathlon_id_31_Facility_tr_10766_1st_12590.csv,Exathlon,0.991736809624206,24.0,30,False,False
841_Exathlon_id_32_Facility_tr_11663_1st_13482.csv,Exathlon,0.9390163174887451,13.0,30,False,False
842_OPPORTUNITY_id_1_HumanActivity_tr_7295_1st_27516.csv,OPPORTUNITY,0.0172187567583379,1.0,27,True,True
843_OPPORTUNITY_id_2_HumanActivity_tr_808_1st_908.csv,OPPORTUNITY,0.191156572715233,24.0,27,False,False
844_OPPORTUNITY_id_3_HumanActivity_tr_500_1st_566.csv,OPPORTUNITY,0.0790034558693216,8.0,27,False,True
845_OPPORTUNITY_id_4_HumanActivity_tr_7295_1st_27516.csv,OPPORTUNITY,0.1349942624729113,19.0,27,False,False
846_OPPORTUNITY_id_5_HumanActivity_tr_2085_1st_2185.csv,OPPORTUNITY,0.0857635279155502,9.0,27,False,True
847_OPPORTUNITY_id_6_HumanActivity_tr_808_1st_908.csv,OPPORTUNITY,0.0930736446345578,12.0,27,False,False
848_OPPORTUNITY_id_7_HumanActivity_tr_1477_1st_1577.csv,OPPORTUNITY,0.1926063089121448,25.0,27,False,False
849_OPPORTUNITY_id_8_HumanActivity_tr_1100_1st_1200.csv,OPPORTUNITY,0.3508665643267004,27.0,27,False,False
850_OPPORTUNITY_id_9_HumanActivity_tr_895_1st_995.csv,OPPORTUNITY,0.0574517709432299,5.0,27,True,True
851_OPPORTUNITY_id_10_HumanActivity_tr_6213_1st_7311.csv,OPPORTUNITY,0.0201351076538972,2.0,27,True,True
853_OPPORTUNITY_id_12_HumanActivity_tr_808_1st_908.csv,OPPORTUNITY,0.0965599878146912,14.0,27,False,False
854_OPPORTUNITY_id_13_HumanActivity_tr_1477_1st_1577.csv,OPPORTUNITY,0.1652315584878212,22.0,27,False,False
855_OPPORTUNITY_id_14_HumanActivity_tr_808_1st_908.csv,OPPORTUNITY,0.0866984627012428,11.0,27,False,False
856_OPPORTUNITY_id_15_HumanActivity_tr_808_1st_908.csv,OPPORTUNITY,0.0740620788647228,7.0,27,False,True
857_OPPORTUNITY_id_16_HumanActivity_tr_500_1st_566.csv,OPPORTUNITY,0.1390001000156601,20.0,27,False,False
858_OPPORTUNITY_id_17_HumanActivity_tr_808_1st_908.csv,OPPORTUNITY,0.1294458690720259,17.0,27,False,False
859_OPPORTUNITY_id_18_HumanActivity_tr_895_1st_995.csv,OPPORTUNITY,0.1147614421501852,16.0,27,False,False
860_OPPORTUNITY_id_19_HumanActivity_tr_808_1st_908.csv,OPPORTUNITY,0.0956322930423415,13.0,27,False,False
861_OPPORTUNITY_id_20_HumanActivity_tr_2085_1st_2185.csv,OPPORTUNITY,0.1986075983234389,26.0,27,False,False
862_OPPORTUNITY_id_21_HumanActivity_tr_500_1st_566.csv,OPPORTUNITY,0.1346860477859902,18.0,27,False,False
863_OPPORTUNITY_id_22_HumanActivity_tr_808_1st_908.csv,OPPORTUNITY,0.1107353564823051,15.0,27,False,False
865_OPPORTUNITY_id_24_HumanActivity_tr_2085_1st_2185.csv,OPPORTUNITY,0.1906335117447901,23.0,27,False,False
866_OPPORTUNITY_id_25_HumanActivity_tr_6213_1st_7311.csv,OPPORTUNITY,0.0396567309102769,4.0,27,True,True
867_OPPORTUNITY_id_26_HumanActivity_tr_808_1st_908.csv,OPPORTUNITY,0.0730465532619494,6.0,27,True,True
868_OPPORTUNITY_id_27_HumanActivity_tr_2085_1st_2185.csv,OPPORTUNITY,0.037645619598931,3.0,27,True,True
869_OPPORTUNITY_id_28_HumanActivity_tr_500_1st_566.csv,OPPORTUNITY,0.1642187156616389,21.0,27,False,False
870_OPPORTUNITY_id_29_HumanActivity_tr_1477_1st_1577.csv,OPPORTUNITY,0.0861363028049391,10.0,27,False,False
