Raw_rank,CDU_rank,Detector,Raw_VUS,CDU_5fold_bits,CDU_10fold_bits,CDU_CI_low,CDU_CI_high,positive_series_ratio,bootstrap_prob_macro_positive,Audit_status,Audit_source
1,1,SubPCA,0.4224126371488779,0.0599955632703168,0.0616257387077862,0.0545811041305032,0.0655465309559013,0.9142857142857144,1.0,PASS,audit_raw_vus_per_series.csv; SUBPCA_PINNED_AUDIT.md
2,4,POLY,0.3892705890960274,0.0085033878426162,0.0084723910384912,0.0073449588188544,0.0096258437509896,0.8114285714285714,1.0,PASS,audit_raw_vus_per_series.csv; POLY_RAW_VUS_DISCREPANCY_AUDIT.md
3,5,MOMENT_FT,0.3864086328796784,0.0018936371043924,0.0014756142706491,0.0010824067235598,0.0027232495053782,0.7657142857142857,1.0,PASS,MOMENT_FT_audited_per_series_vus.csv + cache spot audit
4,7,MOMENT_ZS,0.3832290127657773,0.0003243254386465,0.000245291863166,0.000109580459769,0.0005872586369986,0.5857142857142857,0.9998,PASS,MOMENT_ZS_audited_per_series_vus.csv + cache spot audit
5,2,M2N2,0.2870471521895624,0.0294041893494634,0.0295112542431281,0.0268678052069863,0.0320522708989144,0.9771428571428572,1.0,PASS,stage2_raw_vus_per_series/M2N2.csv (350/350 cache-only recomputation)
6,3,TranAD,0.2754033860175904,0.0217128269218208,0.0220818170646205,0.0190117759617393,0.0244873712745611,0.8257142857142857,1.0,PASS,stage2_raw_vus_per_series/TranAD.csv (350/350 cache-only recomputation)
7,9,TimesNet,0.2627459748908764,-0.0002688657846507,-0.0002017637738955,-0.000431832879654,-0.0001128922881564,0.4914285714285714,0.0006,PASS_WITH_NO_POSITIVE_INCREMENT,stage2_raw_vus_per_series/TimesNet.csv + TIMESNET_CDU_CONSISTENCY_AUDIT.md
8,6,FITS,0.2463691754893443,0.0006707968361753,0.0004828228520732,0.0004693838668868,0.0008708935969124,0.6771428571428572,1.0,PASS,stage2_raw_vus_per_series/FITS.csv (350/350 cache-only recomputation)
9,8,AnomalyTransformer,0.1117688782271485,-0.0001995231873306,-0.0001141956489788,-0.000614934512486,0.0002002342030037,0.4857142857142857,0.1647,PASS_WITH_REPRODUCIBLE_COLLAPSE,audit_raw_vus_per_series.csv; ANOMALYTRANSFORMER_WRAPPER_AUDIT.md
